game_idx,team1,team2,actual_winner,team1_winner,week,date,predicted_team1_wins,confidence,correct
14984,Auburn,California,Auburn,True,3,2023-09-09,0,0.5,False
14988,Boise St,UCF,UCF,False,3,2023-09-09,0,0.38,True
14992,Coastal Car,Jacksonville St,Coastal Car,True,3,2023-09-09,1,0.52,True
14993,Nebraska,Colorado,Colorado,False,3,2023-09-09,1,0.61,False
14996,Florida Intl,N Texas,Florida Intl,True,3,2023-09-09,1,0.53,True
15009,Liberty,New Mexico St,Liberty,True,3,2023-09-09,0,0.33,False
15016,Miami,Texas A&M,Miami,True,3,2023-09-09,1,0.55,True
15017,UMass,Miami OH,Miami OH,False,3,2023-09-09,1,0.67,False
15027,Northwestern,UTEP,Northwestern,True,3,2023-09-09,0,0.36,False
15028,Notre Dame,NC State,Notre Dame,True,3,2023-09-09,1,0.53,True
15031,SMU,Oklahoma,Oklahoma,False,3,2023-09-09,1,0.53,False
15037,Virginia Tech,Purdue,Purdue,False,3,2023-09-09,1,0.62,False
15038,Houston,Rice,Rice,False,3,2023-09-09,1,0.64,False
15039,Rutgers,Temple,Rutgers,True,3,2023-09-09,1,0.61,True
15044,Stanford,USC,USC,False,3,2023-09-09,0,0.5,True
15048,Texas,Alabama,Texas,True,3,2023-09-09,1,0.59,True
15050,UTSA,Texas St,UTSA,True,3,2023-09-09,0,0.48,False
15052,UCLA,San Diego St,UCLA,True,3,2023-09-09,0,0.46,False
15053,Utah,Baylor,Utah,True,3,2023-09-09,1,0.54,True
15057,Wisconsin,Washington St,Washington St,False,3,2023-09-09,0,0.5,True
15062,Navy,Memphis,Memphis,False,4,2023-09-14,0,0.42,True
15064,Air Force,Utah St,Air Force,True,4,2023-09-15,1,0.51,True
15065,UTSA,Army,Army,False,4,2023-09-15,1,0.52,False
15066,Maryland,Virginia,Maryland,True,4,2023-09-15,1,0.53,True
15067,Alabama,S Florida,Alabama,True,4,2023-09-16,0,0.47,False
15068,E Carolina,App State,App State,False,4,2023-09-16,0,0.45,True
15069,UTEP,Arizona,Arizona,False,4,2023-09-16,0,0.45,True
15075,Arkansas,BYU,BYU,False,4,2023-09-16,0,0.48,True
15078,Florida Atlantic,Clemson,Clemson,False,4,2023-09-16,1,0.51,False
15080,Colorado,Colorado St,Colorado,True,4,2023-09-16,0,0.5,False
15081,Duke,Northwestern,Duke,True,4,2023-09-16,1,0.53,True
15082,UMass,E Michigan,E Michigan,False,4,2023-09-16,1,0.63,False
15083,Florida,Tennessee,Florida,True,4,2023-09-16,0,0.46,False
15084,UConn,Florida Intl,Florida Intl,False,4,2023-09-16,0,0.36,True
15085,Boston College,Florida St,Florida St,False,4,2023-09-16,1,0.55,False
15086,Arizona St,Fresno St,Fresno St,False,4,2023-09-16,1,0.55,False
15087,South Carolina,Georgia,Georgia,False,4,2023-09-16,1,0.52,False
15088,Georgia St,Charlotte,Georgia St,True,4,2023-09-16,1,0.54,True
15089,W Michigan,Iowa,Iowa,False,4,2023-09-16,0,0.47,True
15090,J Madison,Troy,J Madison,True,4,2023-09-16,0,0.44,False
15091,Kansas,Nevada,Kansas,True,4,2023-09-16,1,0.53,True
15093,Kentucky,Akron,Kentucky,True,4,2023-09-16,0,0.45,False
15094,Liberty,Buffalo,Liberty,True,4,2023-09-16,1,0.57,True
15095,Louisiana,UAB,Louisiana,True,4,2023-09-16,0,0.49,False
15096,Mississippi St,LSU,LSU,False,4,2023-09-16,0,0.49,True
15097,Indiana,Louisville,Louisville,False,4,2023-09-16,0,0.49,True
15098,Cincinnati,Miami OH,Miami OH,False,4,2023-09-16,1,0.58,False
15099,Bowling Green,Michigan,Michigan,False,4,2023-09-16,1,0.53,False
15101,Mississippi,Georgia Tech,Mississippi,True,4,2023-09-16,0,0.37,False
15102,Missouri,Kansas St,Missouri,True,4,2023-09-16,0,0.49,False
15103,Nebraska,N Illinois,Nebraska,True,4,2023-09-16,1,0.56,True
15104,UNLV,Vanderbilt,UNLV,True,4,2023-09-16,0,0.45,False
15105,New Mexico St,New Mexico,New Mexico St,True,4,2023-09-16,0,0.46,False
15106,Minnesota,North Carolina,North Carolina,False,4,2023-09-16,0,0.45,True
15108,N Texas,Louisiana Tech,N Texas,True,4,2023-09-16,1,0.56,True
15109,Notre Dame,C Michigan,Notre Dame,True,4,2023-09-16,0,0.46,False
15110,Ohio,Iowa St,Ohio,True,4,2023-09-16,0,0.44,False
15111,Ohio St,W Kentucky,Ohio St,True,4,2023-09-16,0,0.45,False
15112,Oklahoma,Tulsa,Oklahoma,True,4,2023-09-16,1,0.55,True
15113,Oregon,Hawai'i,Oregon,True,4,2023-09-16,1,0.56,True
15114,Oregon St,San Diego St,Oregon St,True,4,2023-09-16,0,0.48,False
15115,Penn St,Illinois,Penn St,True,4,2023-09-16,0,0.37,False
15117,Rutgers,Virginia Tech,Rutgers,True,4,2023-09-16,1,0.55,True
15119,S Alabama,Oklahoma St,S Alabama,True,4,2023-09-16,1,0.56,True
15121,Syracuse,Purdue,Syracuse,True,4,2023-09-16,1,0.56,True
15123,Texas,Wyoming,Texas,True,4,2023-09-16,0,0.44,False
15124,UL Monroe,Texas A&M,Texas A&M,False,4,2023-09-16,1,0.54,False
15125,Houston,TCU,TCU,False,4,2023-09-16,1,0.57,False
15128,Toledo,San Jose St,Toledo,True,4,2023-09-16,0,0.47,False
15129,Tulane,Southern Miss,Tulane,True,4,2023-09-16,0,0.48,False
15132,Old Dominion,Wake Forest,Wake Forest,False,4,2023-09-16,0,0.44,True
15133,Washington,Michigan St,Washington,True,4,2023-09-16,1,0.62,True
15135,West Virginia,Pittsburgh,West Virginia,True,4,2023-09-16,1,0.52,True
15136,Georgia So,Wisconsin,Wisconsin,False,4,2023-09-16,0,0.49,True
15137,Coastal Car,Georgia St,Georgia St,False,5,2023-09-21,1,0.53,False
15138,Air Force,San Jose St,Air Force,True,5,2023-09-22,0,0.4,False
15139,Boise St,San Diego St,Boise St,True,5,2023-09-22,0,0.45,False
15140,NC State,Virginia,NC State,True,5,2023-09-22,0,0.5,False
15141,Purdue,Wisconsin,Wisconsin,False,5,2023-09-22,0,0.48,True
15142,Alabama,Mississippi,Alabama,True,5,2023-09-23,1,0.53,True
15143,Arizona,Stanford,Arizona,True,5,2023-09-23,0,0.47,False
15144,Arkansas St,Southern Miss,Arkansas St,True,5,2023-09-23,1,0.56,True
15145,S Alabama,C Michigan,C Michigan,False,5,2023-09-23,0,0.42,True
15146,Colorado St,Middle Tenn,Colorado St,True,5,2023-09-23,0,0.38,False
15147,UConn,Duke,Duke,False,5,2023-09-23,0,0.49,True
15149,Florida,Charlotte,Florida,True,5,2023-09-23,1,0.51,True
15150,Clemson,Florida St,Florida St,False,5,2023-09-23,1,0.64,False
15151,Fresno St,Kent St,Fresno St,True,5,2023-09-23,1,0.62,True
15152,UAB,Georgia,Georgia,False,5,2023-09-23,0,0.42,True
15153,Georgia So,Ball St,Georgia So,True,5,2023-09-23,0,0.36,False
15154,Georgia Tech,Wake Forest,Georgia Tech,True,5,2023-09-23,0,0.49,False
15155,Houston,Sam Houston,Houston,True,5,2023-09-23,1,0.54,True
15156,Illinois,Florida Atlantic,Illinois,True,5,2023-09-23,1,0.51,True
15157,Akron,Indiana,Indiana,False,5,2023-09-23,1,0.53,False
15158,Oklahoma St,Iowa St,Iowa St,False,5,2023-09-23,0,0.38,True
15159,Jacksonville St,E Michigan,Jacksonville St,True,5,2023-09-23,0,0.4,False
15160,J Madison,Utah St,J Madison,True,5,2023-09-23,0,0.33,False
15161,BYU,Kansas,Kansas,False,5,2023-09-23,1,0.56,False
15162,Kansas St,UCF,Kansas St,True,5,2023-09-23,1,0.52,True
15163,Kentucky,Vanderbilt,Kentucky,True,5,2023-09-23,1,0.59,True
15164,Liberty,Florida Intl,Liberty,True,5,2023-09-23,0,0.49,False
15165,Louisiana,Buffalo,Louisiana,True,5,2023-09-23,1,0.51,True
15166,LSU,Arkansas,LSU,True,5,2023-09-23,1,0.56,True
15167,Louisville,Boston College,Louisville,True,5,2023-09-23,1,0.58,True
15168,Virginia Tech,Marshall,Marshall,False,5,2023-09-23,0,0.39,True
15169,Michigan St,Maryland,Maryland,False,5,2023-09-23,0,0.46,True
15170,Miami,Temple,Miami,True,5,2023-09-23,0,0.42,False
15172,Rutgers,Michigan,Michigan,False,5,2023-09-23,1,0.63,False
15173,Memphis,Missouri,Missouri,False,5,2023-09-23,1,0.59,False
15174,Nebraska,Louisiana Tech,Nebraska,True,5,2023-09-23,0,0.42,False
15175,UTEP,UNLV,UNLV,False,5,2023-09-23,1,0.55,False
15176,New Mexico,UMass,New Mexico,True,5,2023-09-23,1,0.64,True
15177,North Carolina,Pittsburgh,North Carolina,True,5,2023-09-23,1,0.54,True
15178,Northwestern,Minnesota,Northwestern,True,5,2023-09-23,0,0.33,False
15179,Bowling Green,Ohio,Ohio,False,5,2023-09-23,1,0.51,False
15180,Ohio St,Notre Dame,Ohio St,True,5,2023-09-23,0,0.47,False
15181,Cincinnati,Oklahoma,Oklahoma,False,5,2023-09-23,1,0.62,False
15183,Oregon,Colorado,Oregon,True,5,2023-09-23,0,0.49,False
15184,Iowa,Penn St,Penn St,False,5,2023-09-23,1,0.56,False
15185,Mississippi St,South Carolina,South Carolina,False,5,2023-09-23,1,0.63,False
15186,S Florida,Rice,S Florida,True,5,2023-09-23,1,0.58,True
15187,USC,Arizona St,USC,True,5,2023-09-23,1,0.6,True
15188,Army,Syracuse,Syracuse,False,5,2023-09-23,1,0.58,False
15189,UTSA,Tennessee,Tennessee,False,5,2023-09-23,0,0.39,True
15190,Texas,Baylor,Texas,True,5,2023-09-23,1,0.61,True
15191,Auburn,Texas A&M,Texas A&M,False,5,2023-09-23,0,0.48,True
15192,TCU,SMU,TCU,True,5,2023-09-23,1,0.53,True
15193,Texas St,Nevada,Texas St,True,5,2023-09-23,1,0.55,True
15194,W Michigan,Toledo,Toledo,False,5,2023-09-23,0,0.36,True
15195,W Kentucky,Troy,Troy,False,5,2023-09-23,1,0.61,False
15197,Tulsa,N Illinois,Tulsa,True,5,2023-09-23,0,0.38,False
15198,UCLA,Utah,Utah,False,5,2023-09-23,1,0.55,False
15199,California,Washington,Washington,False,5,2023-09-23,0,0.47,True
15200,Washington St,Oregon St,Washington St,True,5,2023-09-23,0,0.43,False
15201,West Virginia,Texas Tech,West Virginia,True,5,2023-09-23,1,0.52,True
15202,Wyoming,App State,Wyoming,True,5,2023-09-23,1,0.59,True
15203,Hawai'i,New Mexico St,Hawai'i,True,5,2023-09-24,1,0.57,True
15204,Sam Houston,Jacksonville St,Jacksonville St,False,6,2023-09-28,1,0.53,False
15205,Temple,Tulsa,Tulsa,False,6,2023-09-28,0,0.48,True
15206,Middle Tenn,W Kentucky,W Kentucky,False,6,2023-09-28,0,0.47,True
15207,BYU,Cincinnati,BYU,True,6,2023-09-29,1,0.57,True
15208,Louisiana Tech,UTEP,Louisiana Tech,True,6,2023-09-29,1,0.55,True
15209,Louisville,NC State,Louisville,True,6,2023-09-29,1,0.64,True
15210,Utah,Oregon St,Oregon St,False,6,2023-09-29,1,0.58,False
15211,San Diego St,Air Force,Air Force,False,6,2023-09-30,1,0.56,False
15212,Alabama,Mississippi St,Alabama,True,6,2023-09-30,1,0.51,True
15213,App State,UL Monroe,App State,True,6,2023-09-30,0,0.49,False
15214,UMass,Arkansas St,Arkansas St,False,6,2023-09-30,1,0.66,False
15215,UCF,Baylor,Baylor,False,6,2023-09-30,1,0.51,False
15216,Boston College,Virginia,Boston College,True,6,2023-09-30,0,0.46,False
15217,Georgia Tech,Bowling Green,Bowling Green,False,6,2023-09-30,1,0.51,False
15218,Akron,Buffalo,Buffalo,False,6,2023-09-30,1,0.53,False
15219,Arizona St,California,California,False,6,2023-09-30,0,0.47,True
15220,C Michigan,E Michigan,C Michigan,True,6,2023-09-30,0,0.47,False
15221,Clemson,Syracuse,Clemson,True,6,2023-09-30,1,0.54,True
15223,Fresno St,Nevada,Fresno St,True,6,2023-09-30,0,0.43,False
15224,Georgia,Auburn,Georgia,True,6,2023-09-30,0,0.42,False
15225,Georgia So,Coastal Car,Georgia So,True,6,2023-09-30,0,0.49,False
15226,Iowa,Michigan St,Iowa,True,6,2023-09-30,1,0.54,True
15227,S Alabama,J Madison,J Madison,False,6,2023-09-30,0,0.39,True
15228,Florida,Kentucky,Kentucky,False,6,2023-09-30,0,0.41,True
15229,Marshall,Old Dominion,Marshall,True,6,2023-09-30,0,0.45,False
15230,Indiana,Maryland,Maryland,False,6,2023-09-30,0,0.46,True
15231,Boise St,Memphis,Memphis,False,6,2023-09-30,0,0.41,True
15232,Miami OH,Kent St,Miami OH,True,6,2023-09-30,0,0.48,False
15233,Nebraska,Michigan,Michigan,False,6,2023-09-30,1,0.57,False
15234,Louisiana,Minnesota,Minnesota,False,6,2023-09-30,1,0.59,False
15235,Mississippi,LSU,Mississippi,True,6,2023-09-30,1,0.54,True
15236,Missouri,Vanderbilt,Missouri,True,6,2023-09-30,0,0.46,False
15237,Hawai'i,UNLV,UNLV,False,6,2023-09-30,0,0.5,True
15239,Notre Dame,Duke,Notre Dame,True,6,2023-09-30,0,0.5,False
15240,Iowa St,Oklahoma,Oklahoma,False,6,2023-09-30,0,0.45,True
15241,Stanford,Oregon,Oregon,False,6,2023-09-30,0,0.4,True
15242,Penn St,Northwestern,Penn St,True,6,2023-09-30,0,0.48,False
15243,Purdue,Illinois,Purdue,True,6,2023-09-30,0,0.4,False
15244,Rice,E Carolina,Rice,True,6,2023-09-30,1,0.51,True
15246,S Florida,Navy,S Florida,True,6,2023-09-30,0,0.47,False
15247,Colorado,USC,USC,False,6,2023-09-30,1,0.51,False
15248,SMU,Charlotte,SMU,True,6,2023-09-30,0,0.5,False
15249,Tennessee,South Carolina,Tennessee,True,6,2023-09-30,0,0.5,False
15250,Kansas,Texas,Texas,False,6,2023-09-30,1,0.66,False
15251,Texas A&M,Arkansas,Texas A&M,True,6,2023-09-30,1,0.55,True
15252,Southern Miss,Texas St,Texas St,False,6,2023-09-30,0,0.47,True
15253,Houston,Texas Tech,Texas Tech,False,6,2023-09-30,0,0.48,True
15254,N Illinois,Toledo,Toledo,False,6,2023-09-30,0,0.45,True
15255,Troy,Georgia St,Troy,True,6,2023-09-30,0,0.5,False
15256,UAB,Tulane,Tulane,False,6,2023-09-30,0,0.41,True
15257,Utah St,UConn,Utah St,True,6,2023-09-30,1,0.51,True
15258,Virginia Tech,Pittsburgh,Virginia Tech,True,6,2023-09-30,0,0.47,False
15259,Washington,Arizona,Washington,True,6,2023-09-30,1,0.64,True
15260,TCU,West Virginia,West Virginia,False,6,2023-09-30,0,0.45,True
15261,W Michigan,Ball St,W Michigan,True,6,2023-09-30,0,0.46,False
15262,Wyoming,New Mexico,Wyoming,True,6,2023-09-30,0,0.46,False
15263,Jacksonville St,Middle Tenn,Jacksonville St,True,7,2023-10-04,0,0.49,False
15264,New Mexico St,Florida Intl,New Mexico St,True,7,2023-10-04,1,0.59,True
15265,Sam Houston,Liberty,Liberty,False,7,2023-10-05,0,0.47,True
15266,Louisiana Tech,W Kentucky,W Kentucky,False,7,2023-10-05,1,0.54,False
15267,Nebraska,Illinois,Nebraska,True,7,2023-10-06,0,0.49,False
15268,Oklahoma St,Kansas St,Oklahoma St,True,7,2023-10-06,0,0.46,False
15269,Texas A&M,Alabama,Alabama,False,7,2023-10-07,0,0.43,True
15270,UAB,S Florida,UAB,True,7,2023-10-07,1,0.54,True
15271,San Jose St,Boise St,Boise St,False,7,2023-10-07,1,0.62,False
15272,Boston College,Army,Boston College,True,7,2023-10-07,1,0.59,True
15273,Buffalo,C Michigan,Buffalo,True,7,2023-10-07,1,0.56,True
15274,Clemson,Wake Forest,Clemson,True,7,2023-10-07,0,0.4,False
15275,Colorado,Arizona St,Colorado,True,7,2023-10-07,0,0.41,False
15276,UConn,Rice,UConn,True,7,2023-10-07,1,0.56,True
15277,Ball St,E Michigan,E Michigan,False,7,2023-10-07,1,0.51,False
15278,Vanderbilt,Florida,Florida,False,7,2023-10-07,1,0.64,False
15279,Tulsa,Florida Atlantic,Florida Atlantic,False,7,2023-10-07,1,0.55,False
15280,Florida St,Virginia Tech,Florida St,True,7,2023-10-07,1,0.61,True
15281,Kentucky,Georgia,Georgia,False,7,2023-10-07,1,0.52,False
15282,Miami,Georgia Tech,Georgia Tech,False,7,2023-10-07,0,0.47,True
15283,Iowa,Purdue,Iowa,True,7,2023-10-07,1,0.59,True
15284,Iowa St,TCU,Iowa St,True,7,2023-10-07,0,0.45,False
15285,Kansas,UCF,Kansas,True,7,2023-10-07,0,0.5,False
15286,Louisiana,Texas St,Louisiana,True,7,2023-10-07,0,0.45,False
15287,LSU,Missouri,LSU,True,7,2023-10-07,0,0.43,False
15288,Notre Dame,Louisville,Louisville,False,7,2023-10-07,1,0.64,False
15289,Miami OH,Bowling Green,Miami OH,True,7,2023-10-07,1,0.55,True
15290,Minnesota,Michigan,Michigan,False,7,2023-10-07,1,0.59,False
15291,Arkansas,Mississippi,Mississippi,False,7,2023-10-07,0,0.49,True
15292,Mississippi St,W Michigan,Mississippi St,True,7,2023-10-07,0,0.42,False
15293,N Texas,Navy,Navy,False,7,2023-10-07,1,0.57,False
15294,North Carolina,Syracuse,North Carolina,True,7,2023-10-07,1,0.55,True
15295,NC State,Marshall,NC State,True,7,2023-10-07,0,0.4,False
15296,Akron,N Illinois,N Illinois,False,7,2023-10-07,0,0.5,True
15298,Kent St,Ohio,Ohio,False,7,2023-10-07,0,0.44,True
15299,Maryland,Ohio St,Ohio St,False,7,2023-10-07,0,0.48,True
15300,Oklahoma,Texas,Oklahoma,True,7,2023-10-07,1,0.53,True
15301,Old Dominion,Southern Miss,Old Dominion,True,7,2023-10-07,1,0.53,True
15302,Oregon St,California,Oregon St,True,7,2023-10-07,1,0.59,True
15303,UL Monroe,S Alabama,S Alabama,False,7,2023-10-07,0,0.45,True
15304,Arizona,USC,USC,False,7,2023-10-07,1,0.59,False
15305,Baylor,Texas Tech,Texas Tech,False,7,2023-10-07,1,0.59,False
15306,UTSA,Temple,UTSA,True,7,2023-10-07,1,0.6,True
15307,UMass,Toledo,Toledo,False,7,2023-10-07,1,0.57,False
15308,Arkansas St,Troy,Troy,False,7,2023-10-07,0,0.35,True
15309,Washington St,UCLA,UCLA,False,7,2023-10-07,1,0.58,False
15310,Utah St,Colorado St,Utah St,True,7,2023-10-07,1,0.51,True
15312,Wisconsin,Rutgers,Wisconsin,True,7,2023-10-07,0,0.48,False
15313,Wyoming,Fresno St,Wyoming,True,7,2023-10-07,0,0.46,False
15314,App State,Coastal Car,Coastal Car,False,8,2023-10-10,0,0.49,True
15315,Liberty,Jacksonville St,Liberty,True,8,2023-10-10,0,0.44,False
15316,Middle Tenn,Louisiana Tech,Middle Tenn,True,8,2023-10-10,0,0.5,False
15317,New Mexico St,Sam Houston,New Mexico St,True,8,2023-10-11,1,0.52,True
15318,Florida Intl,UTEP,UTEP,False,8,2023-10-11,1,0.52,False
15319,West Virginia,Houston,Houston,False,8,2023-10-12,0,0.5,True
15320,E Carolina,SMU,SMU,False,8,2023-10-12,1,0.52,False
15321,Utah St,Fresno St,Fresno St,False,8,2023-10-13,1,0.61,False
15322,Colorado,Stanford,Stanford,False,8,2023-10-13,0,0.48,True
15323,Memphis,Tulane,Tulane,False,8,2023-10-13,1,0.54,False
15324,Wyoming,Air Force,Air Force,False,8,2023-10-14,1,0.63,False
15325,Alabama,Arkansas,Alabama,True,8,2023-10-14,0,0.49,False
15326,Arizona,Washington St,Arizona,True,8,2023-10-14,1,0.55,True
15327,Bowling Green,Buffalo,Bowling Green,True,8,2023-10-14,0,0.47,False
15328,C Michigan,Akron,C Michigan,True,8,2023-10-14,1,0.51,True
15329,Boise St,Colorado St,Colorado St,False,8,2023-10-14,0,0.48,True
15330,Duke,NC State,Duke,True,8,2023-10-14,1,0.54,True
15331,E Michigan,Kent St,E Michigan,True,8,2023-10-14,1,0.6,True
15332,Florida,South Carolina,Florida,True,8,2023-10-14,1,0.52,True
15333,S Florida,Florida Atlantic,Florida Atlantic,False,8,2023-10-14,1,0.61,False
15334,Florida St,Syracuse,Florida St,True,8,2023-10-14,1,0.54,True
15335,Vanderbilt,Georgia,Georgia,False,8,2023-10-14,1,0.55,False
15336,Marshall,Georgia St,Georgia St,False,8,2023-10-14,0,0.49,True
15337,Illinois,Maryland,Illinois,True,8,2023-10-14,1,0.52,True
15338,Wisconsin,Iowa,Iowa,False,8,2023-10-14,0,0.41,True
15339,Cincinnati,Iowa St,Iowa St,False,8,2023-10-14,0,0.48,True
15340,Georgia So,J Madison,J Madison,False,8,2023-10-14,0,0.36,True
15341,Kansas St,Texas Tech,Kansas St,True,8,2023-10-14,0,0.48,False
15342,Auburn,LSU,LSU,False,8,2023-10-14,0,0.47,True
15343,Miami OH,W Michigan,Miami OH,True,8,2023-10-14,0,0.37,False
15344,Indiana,Michigan,Michigan,False,8,2023-10-14,1,0.64,False
15345,Missouri,Kentucky,Missouri,True,8,2023-10-14,1,0.6,True
15346,Charlotte,Navy,Navy,False,8,2023-10-14,1,0.6,False
15347,Nevada,UNLV,UNLV,False,8,2023-10-14,1,0.58,False
15348,North Carolina,Miami,North Carolina,True,8,2023-10-14,0,0.45,False
15349,N Texas,Temple,N Texas,True,8,2023-10-14,1,0.69,True
15350,N Illinois,Ohio,N Illinois,True,8,2023-10-14,1,0.63,True
15351,Notre Dame,USC,Notre Dame,True,8,2023-10-14,0,0.49,False
15352,Purdue,Ohio St,Ohio St,False,8,2023-10-14,1,0.57,False
15353,Kansas,Oklahoma St,Oklahoma St,False,8,2023-10-14,1,0.53,False
15354,UCLA,Oregon St,Oregon St,False,8,2023-10-14,0,0.47,True
15355,Penn St,UMass,Penn St,True,8,2023-10-14,0,0.49,False
15356,Louisville,Pittsburgh,Pittsburgh,False,8,2023-10-14,0,0.47,True
15357,Michigan St,Rutgers,Rutgers,False,8,2023-10-14,0,0.44,True
15358,San Diego St,Hawai'i,San Diego St,True,8,2023-10-14,1,0.53,True
15359,New Mexico,San Jose St,San Jose St,False,8,2023-10-14,1,0.57,False
15360,Texas A&M,Tennessee,Tennessee,False,8,2023-10-14,0,0.49,True
15361,BYU,TCU,TCU,False,8,2023-10-14,0,0.41,True
15362,Texas St,UL Monroe,Texas St,True,8,2023-10-14,0,0.4,False
15363,UAB,UTSA,UTSA,False,8,2023-10-14,0,0.46,True
15364,Ball St,Toledo,Toledo,False,8,2023-10-14,0,0.46,True
15365,Troy,Army,Troy,True,8,2023-10-14,1,0.54,True
15366,California,Utah,Utah,False,8,2023-10-14,0,0.47,True
15367,Wake Forest,Virginia Tech,Virginia Tech,False,8,2023-10-14,1,0.52,False
15368,Washington,Oregon,Washington,True,8,2023-10-14,1,0.61,True
15369,W Kentucky,Jacksonville St,Jacksonville St,False,9,2023-10-17,0,0.43,True
15370,Middle Tenn,Liberty,Liberty,False,9,2023-10-17,1,0.53,False
15371,Southern Miss,S Alabama,S Alabama,False,9,2023-10-17,1,0.52,False
15372,Florida Intl,Sam Houston,Florida Intl,True,9,2023-10-18,1,0.55,True
15373,UTEP,New Mexico St,New Mexico St,False,9,2023-10-18,0,0.49,True
15374,J Madison,Marshall,J Madison,True,9,2023-10-19,0,0.41,False
15375,Rice,Tulsa,Rice,True,9,2023-10-19,0,0.44,False
15376,Temple,SMU,SMU,False,9,2023-10-20,0,0.47,True
15377,Navy,Air Force,Air Force,False,9,2023-10-21,1,0.55,False
15378,Alabama,Tennessee,Alabama,True,9,2023-10-21,1,0.52,True
15379,Ball St,C Michigan,Ball St,True,9,2023-10-21,1,0.55,True
15380,Baylor,Cincinnati,Baylor,True,9,2023-10-21,0,0.47,False
15381,Georgia Tech,Boston College,Boston College,False,9,2023-10-21,1,0.54,False
15382,Akron,Bowling Green,Bowling Green,False,9,2023-10-21,0,0.43,True
15383,Texas Tech,BYU,BYU,False,9,2023-10-21,1,0.59,False
15384,Kent St,Buffalo,Buffalo,False,9,2023-10-21,1,0.6,False
15385,E Carolina,Charlotte,Charlotte,False,9,2023-10-21,1,0.52,False
15386,Coastal Car,Arkansas St,Coastal Car,True,9,2023-10-21,1,0.55,True
15387,Florida St,Duke,Florida St,True,9,2023-10-21,0,0.5,False
15388,UL Monroe,Georgia So,Georgia So,False,9,2023-10-21,0,0.48,True
15389,Georgia St,Louisiana,Georgia St,True,9,2023-10-21,1,0.61,True
15390,TCU,Kansas St,Kansas St,False,9,2023-10-21,0,0.38,True
15391,Army,LSU,LSU,False,9,2023-10-21,1,0.58,False
15392,Memphis,UAB,Memphis,True,9,2023-10-21,0,0.4,False
15393,Clemson,Miami,Miami,False,9,2023-10-21,0,0.44,True
15394,Michigan St,Michigan,Michigan,False,9,2023-10-21,1,0.53,False
15395,Minnesota,Iowa,Minnesota,True,9,2023-10-21,1,0.58,True
15396,Mississippi,Auburn,Mississippi,True,9,2023-10-21,1,0.52,True
15397,Mississippi St,Arkansas,Mississippi St,True,9,2023-10-21,0,0.49,False
15398,South Carolina,Missouri,Missouri,False,9,2023-10-21,0,0.33,True
15399,Northwestern,Nebraska,Nebraska,False,9,2023-10-21,1,0.51,False
15400,Nevada,San Diego St,Nevada,True,9,2023-10-21,1,0.56,True
15401,UNLV,Colorado St,UNLV,True,9,2023-10-21,1,0.51,True
15402,Hawai'i,New Mexico,New Mexico,False,9,2023-10-21,0,0.41,True
15403,N Illinois,E Michigan,N Illinois,True,9,2023-10-21,1,0.64,True
15404,W Michigan,Ohio,Ohio,False,9,2023-10-21,1,0.58,False
15405,Ohio St,Penn St,Ohio St,True,9,2023-10-21,0,0.39,False
15406,UCF,Oklahoma,Oklahoma,False,9,2023-10-21,1,0.63,False
15407,West Virginia,Oklahoma St,Oklahoma St,False,9,2023-10-21,0,0.5,True
15408,App State,Old Dominion,Old Dominion,False,9,2023-10-21,1,0.54,False
15409,Washington St,Oregon,Oregon,False,9,2023-10-21,0,0.44,True
15410,Rutgers,Indiana,Rutgers,True,9,2023-10-21,1,0.53,True
15411,San Jose St,Utah St,San Jose St,True,9,2023-10-21,1,0.54,True
15412,UConn,S Florida,S Florida,False,9,2023-10-21,1,0.53,False
15413,Texas,Houston,Texas,True,9,2023-10-21,0,0.48,False
15414,Florida Atlantic,UTSA,UTSA,False,9,2023-10-21,1,0.53,False
15415,Toledo,Miami OH,Toledo,True,9,2023-10-21,1,0.6,True
15416,N Texas,Tulane,Tulane,False,9,2023-10-21,0,0.47,True
15417,UCLA,Stanford,UCLA,True,9,2023-10-21,1,0.73,True
15418,Utah,USC,Utah,True,9,2023-10-21,1,0.61,True
15419,Virginia,North Carolina,Virginia,True,9,2023-10-21,1,0.51,True
15420,Pittsburgh,Wake Forest,Wake Forest,False,9,2023-10-21,0,0.48,True
15421,Washington,Arizona St,Washington,True,9,2023-10-21,0,0.48,False
15422,Wisconsin,Illinois,Wisconsin,True,9,2023-10-21,1,0.57,True
15423,W Kentucky,Liberty,Liberty,False,10,2023-10-24,1,0.51,False
15424,New Mexico St,Louisiana Tech,New Mexico St,True,10,2023-10-24,1,0.61,True
15425,Florida Intl,Jacksonville St,Jacksonville St,False,10,2023-10-25,1,0.59,False
15426,UTEP,Sam Houston,UTEP,True,10,2023-10-25,1,0.65,True
15427,Georgia St,Georgia So,Georgia So,False,10,2023-10-26,1,0.52,False
15428,Virginia Tech,Syracuse,Virginia Tech,True,10,2023-10-26,0,0.43,False
15429,Charlotte,Florida Atlantic,Florida Atlantic,False,10,2023-10-27,1,0.52,False
15430,Colorado St,Air Force,Air Force,False,10,2023-10-28,1,0.61,False
15431,Southern Miss,App State,App State,False,10,2023-10-28,1,0.51,False
15432,Oregon St,Arizona,Arizona,False,10,2023-10-28,0,0.5,True
15433,Washington St,Arizona St,Arizona St,False,10,2023-10-28,1,0.51,False
15434,Arkansas St,UL Monroe,Arkansas St,True,10,2023-10-28,1,0.52,True
15435,Auburn,Mississippi St,Auburn,True,10,2023-10-28,1,0.51,True
15436,Boise St,Wyoming,Boise St,True,10,2023-10-28,1,0.59,True
15437,UConn,Boston College,Boston College,False,10,2023-10-28,1,0.57,False
15438,Marshall,Coastal Car,Coastal Car,False,10,2023-10-28,0,0.47,True
15439,Florida St,Wake Forest,Florida St,True,10,2023-10-28,0,0.44,False
15440,Fresno St,UNLV,Fresno St,True,10,2023-10-28,0,0.44,False
15441,Georgia,Florida,Georgia,True,10,2023-10-28,0,0.38,False
15442,Georgia Tech,North Carolina,Georgia Tech,True,10,2023-10-28,1,0.52,True
15443,Baylor,Iowa St,Iowa St,False,10,2023-10-28,0,0.38,True
15444,J Madison,Old Dominion,J Madison,True,10,2023-10-28,0,0.43,False
15445,Kansas,Oklahoma,Kansas,True,10,2023-10-28,1,0.58,True
15446,Houston,Kansas St,Kansas St,False,10,2023-10-28,1,0.52,False
15447,Louisiana,S Alabama,Louisiana,True,10,2023-10-28,0,0.46,False
15448,Louisville,Duke,Louisville,True,10,2023-10-28,0,0.5,False
15449,UMass,Army,UMass,True,10,2023-10-28,0,0.41,False
15450,Memphis,N Texas,Memphis,True,10,2023-10-28,0,0.44,False
15451,Virginia,Miami,Miami,False,10,2023-10-28,1,0.63,False
15452,Miami OH,Ohio,Miami OH,True,10,2023-10-28,0,0.45,False
15453,Minnesota,Michigan St,Minnesota,True,10,2023-10-28,1,0.61,True
15454,Vanderbilt,Mississippi,Mississippi,False,10,2023-10-28,1,0.61,False
15455,Purdue,Nebraska,Nebraska,False,10,2023-10-28,0,0.4,True
15456,New Mexico,Nevada,Nevada,False,10,2023-10-28,1,0.51,False
15457,NC State,Clemson,NC State,True,10,2023-10-28,1,0.55,True
15458,Maryland,Northwestern,Northwestern,False,10,2023-10-28,1,0.58,False
15459,Pittsburgh,Notre Dame,Notre Dame,False,10,2023-10-28,0,0.5,True
15460,Ohio St,Wisconsin,Ohio St,True,10,2023-10-28,0,0.45,False
15461,Oklahoma St,Cincinnati,Oklahoma St,True,10,2023-10-28,1,0.57,True
15462,Oregon,Utah,Oregon,True,10,2023-10-28,0,0.45,False
15463,Indiana,Penn St,Penn St,False,10,2023-10-28,0,0.46,True
15464,USC,California,USC,True,10,2023-10-28,0,0.47,False
15465,SMU,Tulsa,SMU,True,10,2023-10-28,0,0.43,False
15466,Tennessee,Kentucky,Tennessee,True,10,2023-10-28,1,0.53,True
15467,BYU,Texas,Texas,False,10,2023-10-28,1,0.6,False
15468,South Carolina,Texas A&M,Texas A&M,False,10,2023-10-28,1,0.51,False
15469,E Carolina,UTSA,UTSA,False,10,2023-10-28,0,0.42,True
15470,Troy,Texas St,Troy,True,10,2023-10-28,1,0.53,True
15471,Rice,Tulane,Tulane,False,10,2023-10-28,1,0.52,False
15472,UCLA,Colorado,UCLA,True,10,2023-10-28,1,0.56,True
15473,Washington,Stanford,Washington,True,10,2023-10-28,1,0.55,True
15474,West Virginia,UCF,West Virginia,True,10,2023-10-28,1,0.6,True
15475,W Michigan,E Michigan,W Michigan,True,10,2023-10-28,0,0.44,False
15476,Hawai'i,San Jose St,San Jose St,False,10,2023-10-29,1,0.53,False
15477,C Michigan,N Illinois,C Michigan,True,11,2023-10-31,1,0.56,True
15478,Buffalo,Toledo,Toledo,False,11,2023-10-31,0,0.31,True
15479,Kent St,Akron,Akron,False,11,2023-11-01,1,0.55,False
15480,Ball St,Bowling Green,Bowling Green,False,11,2023-11-01,0,0.45,True
15481,Duke,Wake Forest,Duke,True,11,2023-11-02,1,0.52,True
15482,TCU,Texas Tech,Texas Tech,False,11,2023-11-02,0,0.37,True
15483,S Alabama,Troy,Troy,False,11,2023-11-02,1,0.64,False
15484,Boston College,Syracuse,Boston College,True,11,2023-11-03,1,0.53,True
15485,Colorado St,Wyoming,Wyoming,False,11,2023-11-03,1,0.6,False
15486,Alabama,LSU,Alabama,True,11,2023-11-04,1,0.63,True
15487,Florida Atlantic,UAB,UAB,False,11,2023-11-04,0,0.5,True
15488,Marshall,App State,App State,False,11,2023-11-04,0,0.48,True
15489,Arizona,UCLA,Arizona,True,11,2023-11-04,1,0.52,True
15490,Florida,Arkansas,Arkansas,False,11,2023-11-04,1,0.54,False
15491,Arkansas St,Louisiana,Arkansas St,True,11,2023-11-04,0,0.37,False
15492,Army,Air Force,Army,True,11,2023-11-04,0,0.47,False
15493,Vanderbilt,Auburn,Auburn,False,11,2023-11-04,1,0.59,False
15494,Cincinnati,UCF,UCF,False,11,2023-11-04,1,0.55,False
15495,Charlotte,Tulsa,Charlotte,True,11,2023-11-04,0,0.46,False
15496,Notre Dame,Clemson,Clemson,False,11,2023-11-04,1,0.59,False
15497,Old Dominion,Coastal Car,Coastal Car,False,11,2023-11-04,0,0.43,True
15498,Florida St,Pittsburgh,Florida St,True,11,2023-11-04,0,0.47,False
15499,Fresno St,Boise St,Fresno St,True,11,2023-11-04,1,0.56,True
15500,Georgia,Missouri,Georgia,True,11,2023-11-04,0,0.38,False
15501,Virginia,Georgia Tech,Georgia Tech,False,11,2023-11-04,0,0.5,True
15502,Nevada,Hawai'i,Hawai'i,False,11,2023-11-04,1,0.63,False
15503,Houston,Baylor,Houston,True,11,2023-11-04,1,0.6,True
15504,Illinois,Minnesota,Illinois,True,11,2023-11-04,0,0.38,False
15505,Indiana,Wisconsin,Indiana,True,11,2023-11-04,0,0.5,False
15506,Northwestern,Iowa,Iowa,False,11,2023-11-04,1,0.54,False
15507,J Madison,Georgia St,J Madison,True,11,2023-11-04,1,0.57,True
15508,Kansas,Iowa St,Kansas,True,11,2023-11-04,1,0.53,True
15509,Kentucky,Mississippi St,Kentucky,True,11,2023-11-04,1,0.62,True
15510,Louisiana Tech,Liberty,Liberty,False,11,2023-11-04,0,0.46,True
15511,Virginia Tech,Louisville,Louisville,False,11,2023-11-04,1,0.58,False
15513,S Florida,Memphis,Memphis,False,11,2023-11-04,1,0.51,False
15514,Purdue,Michigan,Michigan,False,11,2023-11-04,1,0.53,False
15515,Michigan St,Nebraska,Michigan St,True,11,2023-11-04,0,0.39,False
15516,Texas A&M,Mississippi,Mississippi,False,11,2023-11-04,0,0.46,True
15517,New Mexico,UNLV,UNLV,False,11,2023-11-04,1,0.67,False
15518,New Mexico St,Middle Tenn,New Mexico St,True,11,2023-11-04,1,0.52,True
15520,Miami,NC State,NC State,False,11,2023-11-04,0,0.4,True
15521,Ohio St,Rutgers,Ohio St,True,11,2023-11-04,0,0.4,False
15522,Oklahoma St,Oklahoma,Oklahoma St,True,11,2023-11-04,1,0.55,True
15523,Oregon,California,Oregon,True,11,2023-11-04,0,0.38,False
15524,Colorado,Oregon St,Oregon St,False,11,2023-11-04,0,0.39,True
15525,Maryland,Penn St,Penn St,False,11,2023-11-04,0,0.48,True
15527,South Carolina,Jacksonville St,South Carolina,True,11,2023-11-04,0,0.43,False
15528,Rice,SMU,SMU,False,11,2023-11-04,1,0.51,False
15529,Southern Miss,UL Monroe,Southern Miss,True,11,2023-11-04,1,0.63,True
15530,Stanford,Washington St,Stanford,True,11,2023-11-04,0,0.43,False
15531,Navy,Temple,Temple,False,11,2023-11-04,0,0.4,True
15532,Tennessee,UConn,Tennessee,True,11,2023-11-04,0,0.48,False
15533,Texas,Kansas St,Texas,True,11,2023-11-04,1,0.52,True
15534,Georgia So,Texas St,Texas St,False,11,2023-11-04,1,0.6,False
15535,UTSA,N Texas,UTSA,True,11,2023-11-04,0,0.47,False
15536,Tulane,E Carolina,Tulane,True,11,2023-11-04,0,0.49,False
15537,Arizona St,Utah,Utah,False,11,2023-11-04,1,0.52,False
15538,San Diego St,Utah St,Utah St,False,11,2023-11-04,0,0.41,True
15539,USC,Washington,Washington,False,11,2023-11-04,1,0.51,False
15540,BYU,West Virginia,West Virginia,False,11,2023-11-04,1,0.52,False
15541,W Kentucky,UTEP,W Kentucky,True,11,2023-11-04,0,0.5,False
15542,Ball St,N Illinois,Ball St,True,12,2023-11-07,0,0.49,False
15543,Buffalo,Ohio,Ohio,False,12,2023-11-07,0,0.48,True
15544,C Michigan,W Michigan,W Michigan,False,12,2023-11-07,0,0.46,True
15545,Kent St,Bowling Green,Bowling Green,False,12,2023-11-08,0,0.48,True
15546,Akron,Miami OH,Miami OH,False,12,2023-11-08,1,0.53,False
15547,Toledo,E Michigan,Toledo,True,12,2023-11-08,0,0.44,False
15548,Louisville,Virginia,Louisville,True,12,2023-11-09,0,0.39,False
15549,Southern Miss,Louisiana,Southern Miss,True,12,2023-11-09,0,0.49,False
15550,Wyoming,UNLV,UNLV,False,12,2023-11-10,0,0.36,True
15551,SMU,N Texas,SMU,True,12,2023-11-10,0,0.47,False
15552,Kentucky,Alabama,Alabama,False,12,2023-11-11,1,0.62,False
15553,App State,Georgia St,App State,True,12,2023-11-11,0,0.48,False
15554,Colorado,Arizona,Arizona,False,12,2023-11-11,1,0.53,False
15555,Arizona St,UCLA,Arizona St,True,12,2023-11-11,0,0.39,False
15557,Arkansas,Auburn,Auburn,False,12,2023-11-11,1,0.52,False
15558,Boise St,New Mexico,Boise St,True,12,2023-11-11,0,0.5,False
15559,Washington St,California,California,False,12,2023-11-11,0,0.43,True
15560,UCF,Oklahoma St,UCF,True,12,2023-11-11,0,0.41,False
15561,Houston,Cincinnati,Cincinnati,False,12,2023-11-11,1,0.51,False
15562,Georgia Tech,Clemson,Clemson,False,12,2023-11-11,1,0.61,False
15563,Texas St,Coastal Car,Coastal Car,False,12,2023-11-11,0,0.45,True
15564,San Diego St,Colorado St,Colorado St,False,12,2023-11-11,1,0.54,False
15565,Florida Atlantic,E Carolina,E Carolina,False,12,2023-11-11,1,0.55,False
15566,Florida St,Miami,Florida St,True,12,2023-11-11,0,0.49,False
15567,Georgia,Mississippi,Georgia,True,12,2023-11-11,1,0.51,True
15568,Hawai'i,Air Force,Hawai'i,True,12,2023-11-11,0,0.37,False
15569,Illinois,Indiana,Illinois,True,12,2023-11-11,1,0.54,True
15570,Iowa,Rutgers,Iowa,True,12,2023-11-11,0,0.5,False
15571,BYU,Iowa St,Iowa St,False,12,2023-11-11,0,0.46,True
15572,UConn,J Madison,J Madison,False,12,2023-11-11,0,0.37,True
15573,Baylor,Kansas St,Kansas St,False,12,2023-11-11,0,0.49,True
15574,Liberty,Old Dominion,Liberty,True,12,2023-11-11,0,0.36,False
15575,LSU,Florida,LSU,True,12,2023-11-11,0,0.46,False
15576,Georgia So,Marshall,Marshall,False,12,2023-11-11,0,0.45,True
15577,Maryland,Nebraska,Maryland,True,12,2023-11-11,0,0.48,False
15578,Charlotte,Memphis,Memphis,False,12,2023-11-11,1,0.58,False
15579,Penn St,Michigan,Michigan,False,12,2023-11-11,1,0.59,False
15580,Middle Tenn,Florida Intl,Middle Tenn,True,12,2023-11-11,0,0.45,False
15581,Missouri,Tennessee,Missouri,True,12,2023-11-11,1,0.52,True
15582,UAB,Navy,Navy,False,12,2023-11-11,0,0.41,True
15583,W Kentucky,New Mexico St,New Mexico St,False,12,2023-11-11,0,0.49,True
15584,Duke,North Carolina,North Carolina,False,12,2023-11-11,1,0.55,False
15585,Wake Forest,NC State,NC State,False,12,2023-11-11,1,0.54,False
15586,Wisconsin,Northwestern,Northwestern,False,12,2023-11-11,1,0.54,False
15587,Ohio St,Michigan St,Ohio St,True,12,2023-11-11,1,0.64,True
15588,West Virginia,Oklahoma,Oklahoma,False,12,2023-11-11,1,0.63,False
15589,Oregon,USC,Oregon,True,12,2023-11-11,1,0.51,True
15590,Stanford,Oregon St,Oregon St,False,12,2023-11-11,0,0.49,True
15591,Purdue,Minnesota,Purdue,True,12,2023-11-11,1,0.62,True
15592,Sam Houston,Louisiana Tech,Sam Houston,True,12,2023-11-11,1,0.64,True
15593,San Jose St,Fresno St,San Jose St,True,12,2023-11-11,1,0.6,True
15594,Arkansas St,S Alabama,S Alabama,False,12,2023-11-11,1,0.61,False
15595,Vanderbilt,South Carolina,South Carolina,False,12,2023-11-11,1,0.68,False
15596,S Florida,Temple,S Florida,True,12,2023-11-11,1,0.53,True
15597,Syracuse,Pittsburgh,Syracuse,True,12,2023-11-11,1,0.52,True
15598,TCU,Texas,Texas,False,12,2023-11-11,1,0.56,False
15599,Mississippi St,Texas A&M,Texas A&M,False,12,2023-11-11,0,0.49,True
15600,Texas Tech,Kansas,Texas Tech,True,12,2023-11-11,1,0.56,True
15601,Rice,UTSA,UTSA,False,12,2023-11-11,0,0.44,True
15602,UL Monroe,Troy,Troy,False,12,2023-11-11,0,0.48,True
15603,Tulsa,Tulane,Tulane,False,12,2023-11-11,0,0.45,True
15604,Nevada,Utah St,Utah St,False,12,2023-11-11,1,0.52,False
15605,Virginia Tech,Boston College,Virginia Tech,True,12,2023-11-11,0,0.43,False
15606,Utah,Washington,Washington,False,12,2023-11-11,1,0.55,False
15607,Akron,E Michigan,E Michigan,False,13,2023-11-14,1,0.56,False
15608,N Illinois,W Michigan,N Illinois,True,13,2023-11-14,0,0.45,False
15609,Bowling Green,Toledo,Toledo,False,13,2023-11-14,0,0.45,True
15610,Buffalo,Miami OH,Miami OH,False,13,2023-11-15,0,0.45,True
15611,Ohio,C Michigan,Ohio,True,13,2023-11-15,0,0.48,False
15612,Pittsburgh,Boston College,Pittsburgh,True,13,2023-11-16,0,0.5,False
15613,UTSA,S Florida,UTSA,True,13,2023-11-17,0,0.44,False
15614,Colorado,Washington St,Washington St,False,13,2023-11-17,1,0.52,False
15616,Temple,UAB,UAB,False,13,2023-11-18,0,0.5,True
15617,App State,J Madison,App State,True,13,2023-11-18,1,0.52,True
15618,Arizona,Utah,Arizona,True,13,2023-11-18,1,0.59,True
15619,Arkansas,Florida Intl,Arkansas,True,13,2023-11-18,0,0.47,False
15620,Texas St,Arkansas St,Arkansas St,False,13,2023-11-18,0,0.47,True
15621,Army,Coastal Car,Army,True,13,2023-11-18,0,0.41,False
15622,Ball St,Kent St,Ball St,True,13,2023-11-18,1,0.54,True
15623,Boise St,Utah St,Boise St,True,13,2023-11-18,0,0.45,False
15624,Stanford,California,California,False,13,2023-11-18,1,0.51,False
15625,Clemson,North Carolina,Clemson,True,13,2023-11-18,0,0.5,False
15626,Nevada,Colorado St,Colorado St,False,13,2023-11-18,1,0.54,False
15629,Tennessee,Georgia,Georgia,False,13,2023-11-18,0,0.41,True
15630,Georgia Tech,Syracuse,Georgia Tech,True,13,2023-11-18,0,0.47,False
15631,Iowa,Illinois,Iowa,True,13,2023-11-18,0,0.44,False
15632,Louisiana Tech,Jacksonville St,Jacksonville St,False,13,2023-11-18,1,0.53,False
15633,Kansas St,Kansas,Kansas St,True,13,2023-11-18,0,0.5,False
15634,Liberty,UMass,Liberty,True,13,2023-11-18,1,0.55,True
15635,LSU,Georgia St,LSU,True,13,2023-11-18,1,0.53,True
15636,Miami,Louisville,Louisville,False,13,2023-11-18,0,0.42,True
15637,Maryland,Michigan,Michigan,False,13,2023-11-18,0,0.49,True
15638,Indiana,Michigan St,Michigan St,False,13,2023-11-18,0,0.5,True
15639,UTEP,Middle Tenn,Middle Tenn,False,13,2023-11-18,1,0.56,False
15640,UL Monroe,Mississippi,Mississippi,False,13,2023-11-18,1,0.57,False
15641,Southern Miss,Mississippi St,Mississippi St,False,13,2023-11-18,1,0.56,False
15642,Missouri,Florida,Missouri,True,13,2023-11-18,1,0.51,True
15643,E Carolina,Navy,Navy,False,13,2023-11-18,0,0.46,True
15644,Air Force,UNLV,UNLV,False,13,2023-11-18,0,0.46,True
15645,Fresno St,New Mexico,New Mexico,False,13,2023-11-18,0,0.4,True
15646,New Mexico St,Auburn,New Mexico St,True,13,2023-11-18,1,0.62,True
15647,Virginia Tech,NC State,NC State,False,13,2023-11-18,1,0.55,False
15648,N Texas,Tulsa,N Texas,True,13,2023-11-18,1,0.53,True
15649,Northwestern,Purdue,Northwestern,True,13,2023-11-18,1,0.61,True
15650,Notre Dame,Wake Forest,Notre Dame,True,13,2023-11-18,1,0.55,True
15651,Minnesota,Ohio St,Ohio St,False,13,2023-11-18,0,0.5,True
15652,Oklahoma,BYU,Oklahoma,True,13,2023-11-18,1,0.54,True
15653,Houston,Oklahoma St,Oklahoma St,False,13,2023-11-18,1,0.56,False
15654,Old Dominion,Georgia So,Old Dominion,True,13,2023-11-18,0,0.4,False
15655,Arizona St,Oregon,Oregon,False,13,2023-11-18,1,0.58,False
15656,Penn St,Rutgers,Penn St,True,13,2023-11-18,0,0.48,False
15657,Charlotte,Rice,Rice,False,13,2023-11-18,1,0.54,False
15658,San Diego St,San Jose St,San Jose St,False,13,2023-11-18,1,0.55,False
15659,S Alabama,Marshall,S Alabama,True,13,2023-11-18,1,0.62,True
15660,Kentucky,South Carolina,South Carolina,False,13,2023-11-18,0,0.5,True
15661,Memphis,SMU,SMU,False,13,2023-11-18,1,0.51,False
15662,Iowa St,Texas,Texas,False,13,2023-11-18,0,0.48,True
15664,Baylor,TCU,TCU,False,13,2023-11-18,0,0.37,True
15665,Texas Tech,UCF,Texas Tech,True,13,2023-11-18,0,0.38,False
15666,Louisiana,Troy,Troy,False,13,2023-11-18,1,0.52,False
15667,Florida Atlantic,Tulane,Tulane,False,13,2023-11-18,1,0.51,False
15668,USC,UCLA,UCLA,False,13,2023-11-18,1,0.53,False
15669,Virginia,Duke,Virginia,True,13,2023-11-18,1,0.56,True
15670,Oregon St,Washington,Washington,False,13,2023-11-18,0,0.45,True
15671,Cincinnati,West Virginia,West Virginia,False,13,2023-11-18,0,0.41,True
15672,Sam Houston,W Kentucky,W Kentucky,False,13,2023-11-18,1,0.57,False
15673,Wisconsin,Nebraska,Wisconsin,True,13,2023-11-18,0,0.44,False
15674,Hawai'i,Wyoming,Wyoming,False,13,2023-11-18,0,0.41,True
15675,Bowling Green,W Michigan,Bowling Green,True,14,2023-11-21,1,0.53,True
15676,E Michigan,Buffalo,E Michigan,True,14,2023-11-21,1,0.6,True
15677,Mississippi,Mississippi St,Mississippi,True,14,2023-11-23,1,0.57,True
15678,Boise St,Air Force,Boise St,True,14,2023-11-24,1,0.51,True
15679,Iowa,Nebraska,Iowa,True,14,2023-11-24,0,0.35,False
15680,Memphis,Temple,Memphis,True,14,2023-11-24,0,0.46,False
15681,Boston College,Miami,Miami,False,14,2023-11-24,0,0.47,True
15682,Missouri,Arkansas,Missouri,True,14,2023-11-24,0,0.42,False
15683,Akron,Ohio,Ohio,False,14,2023-11-24,1,0.6,False
15684,Oklahoma,TCU,Oklahoma,True,14,2023-11-24,1,0.59,True
15685,Oregon St,Oregon,Oregon,False,14,2023-11-24,1,0.56,False
15686,Michigan St,Penn St,Penn St,False,14,2023-11-24,1,0.54,False
15687,Texas,Texas Tech,Texas,True,14,2023-11-24,0,0.44,False
15688,Toledo,C Michigan,Toledo,True,14,2023-11-24,0,0.5,False
15689,Tulane,UTSA,Tulane,True,14,2023-11-24,0,0.37,False
15690,New Mexico,Utah St,Utah St,False,14,2023-11-24,1,0.62,False
15691,Auburn,Alabama,Alabama,False,14,2023-11-25,1,0.51,False
15692,Georgia So,App State,App State,False,14,2023-11-25,0,0.5,True
15693,Arizona St,Arizona,Arizona,False,14,2023-11-25,0,0.48,True
15694,California,UCLA,California,True,14,2023-11-25,0,0.49,False
15695,Houston,UCF,UCF,False,14,2023-11-25,0,0.37,True
15696,South Carolina,Clemson,Clemson,False,14,2023-11-25,0,0.45,True
15697,UMass,UConn,UConn,False,14,2023-11-25,0,0.42,True
15698,Duke,Pittsburgh,Duke,True,14,2023-11-25,1,0.59,True
15699,Florida St,Florida,Florida St,True,14,2023-11-25,0,0.47,False
15700,Georgia,Georgia Tech,Georgia,True,14,2023-11-25,0,0.29,False
15701,Colorado St,Hawai'i,Hawai'i,False,14,2023-11-25,1,0.59,False
15702,Iowa St,Kansas St,Iowa St,True,14,2023-11-25,1,0.53,True
15703,Coastal Car,J Madison,J Madison,False,14,2023-11-25,1,0.53,False
15704,Cincinnati,Kansas,Kansas,False,14,2023-11-25,1,0.58,False
15705,Kentucky,Louisville,Kentucky,True,14,2023-11-25,0,0.42,False
15706,UTEP,Liberty,Liberty,False,14,2023-11-25,1,0.53,False
15707,Louisiana,UL Monroe,Louisiana,True,14,2023-11-25,0,0.49,False
15708,Texas A&M,LSU,LSU,False,14,2023-11-25,1,0.63,False
15709,Arkansas St,Marshall,Marshall,False,14,2023-11-25,0,0.47,True
15710,Rutgers,Maryland,Maryland,False,14,2023-11-25,1,0.57,False
15711,Miami OH,Ball St,Miami OH,True,14,2023-11-25,1,0.52,True
15712,Ohio St,Michigan,Michigan,False,14,2023-11-25,0,0.48,True
15713,Jacksonville St,New Mexico St,New Mexico St,False,14,2023-11-25,0,0.39,True
15714,NC State,North Carolina,NC State,True,14,2023-11-25,1,0.52,True
15715,N Texas,UAB,N Texas,True,14,2023-11-25,1,0.61,True
15716,Kent St,N Illinois,N Illinois,False,14,2023-11-25,0,0.48,True
15717,Northwestern,Illinois,Northwestern,True,14,2023-11-25,1,0.51,True
15718,Notre Dame,Stanford,Notre Dame,True,14,2023-11-25,1,0.52,True
15719,Oklahoma St,BYU,Oklahoma St,True,14,2023-11-25,0,0.41,False
15720,Old Dominion,Georgia St,Old Dominion,True,14,2023-11-25,1,0.54,True
15721,Indiana,Purdue,Purdue,False,14,2023-11-25,1,0.65,False
15722,Rice,Florida Atlantic,Rice,True,14,2023-11-25,1,0.62,True
15723,Sam Houston,Middle Tenn,Sam Houston,True,14,2023-11-25,1,0.51,True
15724,San Diego St,Fresno St,San Diego St,True,14,2023-11-25,1,0.54,True
15725,UNLV,San Jose St,San Jose St,False,14,2023-11-25,1,0.54,False
15726,S Florida,Charlotte,S Florida,True,14,2023-11-25,0,0.44,False
15727,SMU,Navy,SMU,True,14,2023-11-25,1,0.52,True
15728,Wake Forest,Syracuse,Syracuse,False,14,2023-11-25,0,0.48,True
15729,Vanderbilt,Tennessee,Tennessee,False,14,2023-11-25,0,0.47,True
15730,S Alabama,Texas St,Texas St,False,14,2023-11-25,1,0.53,False
15731,Troy,Southern Miss,Troy,True,14,2023-11-25,0,0.5,False
15732,E Carolina,Tulsa,Tulsa,False,14,2023-11-25,0,0.47,True
15733,Utah,Colorado,Utah,True,14,2023-11-25,0,0.42,False
15734,Virginia,Virginia Tech,Virginia Tech,False,14,2023-11-25,0,0.44,True
15735,Washington,Washington St,Washington,True,14,2023-11-25,1,0.53,True
15736,Baylor,West Virginia,West Virginia,False,14,2023-11-25,1,0.57,False
15737,W Kentucky,Florida Intl,W Kentucky,True,14,2023-11-25,0,0.48,False
15738,Minnesota,Wisconsin,Wisconsin,False,14,2023-11-25,0,0.46,True
15739,Nevada,Wyoming,Wyoming,False,14,2023-11-25,1,0.56,False
15740,New Mexico St,Liberty,Liberty,False,15,2023-12-01,1,0.51,False
15741,Washington,Oregon,Washington,True,15,2023-12-01,0,0.45,False
15742,Alabama,Georgia,Alabama,True,15,2023-12-02,0,0.43,False
15743,UNLV,Boise St,Boise St,False,15,2023-12-02,0,0.4,True
15744,Louisville,Florida St,Florida St,False,15,2023-12-02,0,0.43,True
15745,Toledo,Miami OH,Miami OH,False,15,2023-12-02,1,0.54,False
15746,Michigan,Iowa,Michigan,True,15,2023-12-02,0,0.5,False
15747,SMU,Tulane,SMU,True,15,2023-12-02,1,0.57,True
15748,Texas,Oklahoma St,Texas,True,15,2023-12-02,0,0.42,False
15749,Troy,App State,Troy,True,15,2023-12-02,0,0.36,False
15750,Army,Navy,Army,True,16,2023-12-09,1,0.55,True
15751,App State,Miami OH,App State,True,17,2023-12-16,1,0.59,True
15752,Fresno St,New Mexico St,Fresno St,True,17,2023-12-16,1,0.56,True
15753,Jacksonville St,Louisiana,Jacksonville St,True,17,2023-12-16,0,0.45,False
15754,Georgia So,Ohio,Ohio,False,17,2023-12-16,1,0.57,False
15755,California,Texas Tech,Texas Tech,False,17,2023-12-16,1,0.51,False
15756,UCLA,Boise St,UCLA,True,17,2023-12-16,1,0.52,True
15757,Old Dominion,W Kentucky,W Kentucky,False,17,2023-12-18,1,0.54,False
15758,Marshall,UTSA,UTSA,False,18,2023-12-19,0,0.46,True
15759,Syracuse,S Florida,S Florida,False,18,2023-12-21,0,0.42,True
15760,UCF,Georgia Tech,Georgia Tech,False,18,2023-12-22,1,0.59,False
15761,J Madison,Air Force,Air Force,False,18,2023-12-23,1,0.55,False
15762,Coastal Car,San Jose St,Coastal Car,True,18,2023-12-23,0,0.46,False
15763,Duke,Troy,Duke,True,18,2023-12-23,0,0.5,False
15764,Utah St,Georgia St,Georgia St,False,18,2023-12-23,1,0.52,False
15765,N Illinois,Arkansas St,N Illinois,True,18,2023-12-23,1,0.54,True
15766,Utah,Northwestern,Northwestern,False,18,2023-12-23,1,0.52,False
15767,S Alabama,E Michigan,S Alabama,True,18,2023-12-23,0,0.47,False
15768,UNLV,Kansas,Kansas,False,19,2023-12-26,0,0.5,True
15769,Bowling Green,Minnesota,Minnesota,False,19,2023-12-26,1,0.56,False
15770,Rice,Texas St,Texas St,False,19,2023-12-26,0,0.45,True
15771,Oklahoma St,Texas A&M,Oklahoma St,True,19,2023-12-27,0,0.38,False
15772,Louisville,USC,USC,False,19,2023-12-27,0,0.49,True
15773,Virginia Tech,Tulane,Virginia Tech,True,19,2023-12-27,1,0.52,True
15774,North Carolina,West Virginia,West Virginia,False,19,2023-12-27,1,0.52,False
15775,Arizona,Oklahoma,Arizona,True,19,2023-12-28,1,0.51,True
15776,SMU,Boston College,Boston College,False,19,2023-12-28,1,0.53,False
15777,Kansas St,NC State,Kansas St,True,19,2023-12-28,0,0.47,False
15778,Miami,Rutgers,Rutgers,False,19,2023-12-28,1,0.53,False
15779,Clemson,Kentucky,Clemson,True,19,2023-12-29,0,0.48,False
15780,Iowa St,Memphis,Memphis,False,19,2023-12-29,1,0.58,False
15781,Missouri,Ohio St,Missouri,True,19,2023-12-29,0,0.49,False
15782,Oregon St,Notre Dame,Notre Dame,False,19,2023-12-29,1,0.54,False
15783,Georgia,Florida St,Georgia,True,19,2023-12-30,0,0.49,False
15784,Maryland,Auburn,Maryland,True,19,2023-12-30,1,0.53,True
15785,Penn St,Mississippi,Mississippi,False,19,2023-12-30,1,0.58,False
15786,Wyoming,Toledo,Wyoming,True,19,2023-12-30,0,0.5,False
15787,LSU,Wisconsin,LSU,True,20,2024-01-01,1,0.63,True
15788,Michigan,Alabama,Michigan,True,20,2024-01-01,1,0.59,True
15789,Oregon,Liberty,Oregon,True,20,2024-01-01,1,0.6,True
15790,Tennessee,Iowa,Tennessee,True,20,2024-01-01,1,0.53,True
15791,Texas,Washington,Washington,False,20,2024-01-01,0,0.46,True
15792,Washington,Michigan,Michigan,False,21,2024-01-08,1,0.57,False
15914,Nevada,Georgia So,Georgia So,False,3,2024-09-07,1,0.56,False
15928,Michigan St,Maryland,Michigan St,True,3,2024-09-07,1,0.56,True
15935,North Carolina,Charlotte,North Carolina,True,3,2024-09-07,1,0.55,True
15938,Ohio,S Alabama,Ohio,True,3,2024-09-07,1,0.55,True
15939,W Michigan,Ohio St,Ohio St,False,3,2024-09-07,1,0.52,False
15940,Oklahoma,Houston,Oklahoma,True,3,2024-09-07,1,0.56,True
15949,Kentucky,South Carolina,South Carolina,False,3,2024-09-07,0,0.42,True
15955,Syracuse,Georgia Tech,Syracuse,True,3,2024-09-07,0,0.46,False
15957,Michigan,Texas,Texas,False,3,2024-09-07,1,0.54,False
15971,Texas St,Arizona St,Arizona St,False,4,2024-09-12,1,0.62,False
15973,Arizona,Kansas St,Kansas St,False,4,2024-09-13,1,0.68,False
15974,UNLV,Kansas,UNLV,True,4,2024-09-13,0,0.39,False
15976,Wisconsin,Alabama,Alabama,False,4,2024-09-14,1,0.54,False
15977,App State,E Carolina,App State,True,4,2024-09-14,0,0.47,False
15978,Arkansas,UAB,Arkansas,True,4,2024-09-14,0,0.44,False
15979,Auburn,New Mexico,Auburn,True,4,2024-09-14,0,0.4,False
15980,Air Force,Baylor,Baylor,False,4,2024-09-14,0,0.38,True
15981,Wyoming,BYU,BYU,False,4,2024-09-14,0,0.4,True
15982,Buffalo,UMass,Buffalo,True,4,2024-09-14,0,0.5,False
15983,California,San Diego St,California,True,4,2024-09-14,0,0.47,False
15984,TCU,UCF,UCF,False,4,2024-09-14,1,0.59,False
15986,Miami OH,Cincinnati,Cincinnati,False,4,2024-09-14,0,0.5,True
15987,Temple,Coastal Car,Coastal Car,False,4,2024-09-14,0,0.36,True
15988,Colorado,Colorado St,Colorado,True,4,2024-09-14,0,0.48,False
15989,Duke,UConn,Duke,True,4,2024-09-14,0,0.49,False
15990,Jacksonville St,E Michigan,E Michigan,False,4,2024-09-14,0,0.43,True
15991,Florida Intl,Florida Atlantic,Florida Atlantic,False,4,2024-09-14,0,0.5,True
15992,Fresno St,New Mexico St,Fresno St,True,4,2024-09-14,0,0.45,False
15993,Kentucky,Georgia,Georgia,False,4,2024-09-14,0,0.47,True
15995,Vanderbilt,Georgia St,Georgia St,False,4,2024-09-14,1,0.54,False
15997,Houston,Rice,Houston,True,4,2024-09-14,0,0.47,False
15998,Illinois,C Michigan,Illinois,True,4,2024-09-14,0,0.39,False
15999,Indiana,UCLA,Indiana,True,4,2024-09-14,1,0.52,True
16000,Troy,Iowa,Iowa,False,4,2024-09-14,1,0.52,False
16001,Liberty,UTEP,Liberty,True,4,2024-09-14,1,0.52,True
16002,South Carolina,LSU,LSU,False,4,2024-09-14,0,0.47,True
16003,Maryland,Virginia,Maryland,True,4,2024-09-14,1,0.67,True
16004,Memphis,Florida St,Memphis,True,4,2024-09-14,1,0.6,True
16006,Michigan,Arkansas St,Michigan,True,4,2024-09-14,0,0.41,False
16008,Minnesota,Nevada,Minnesota,True,4,2024-09-14,1,0.51,True
16009,Mississippi,Wake Forest,Mississippi,True,4,2024-09-14,1,0.54,True
16010,Boston College,Missouri,Missouri,False,4,2024-09-14,1,0.54,False
16017,Oklahoma,Tulane,Oklahoma,True,4,2024-09-14,0,0.35,False
16018,Tulsa,Oklahoma St,Oklahoma St,False,4,2024-09-14,1,0.57,False
16019,Oregon St,Oregon,Oregon,False,4,2024-09-14,0,0.48,True
16020,Pittsburgh,West Virginia,Pittsburgh,True,4,2024-09-14,0,0.49,False
16021,Hawai'i,Sam Houston,Sam Houston,False,4,2024-09-14,1,0.52,False
16022,Kennesaw St,San Jose St,San Jose St,False,4,2024-09-14,1,0.56,False
16023,Southern Miss,S Florida,S Florida,False,4,2024-09-14,1,0.58,False
16024,Tennessee,Kent St,Tennessee,True,4,2024-09-14,0,0.5,False
16025,UTSA,Texas,Texas,False,4,2024-09-14,1,0.62,False
16026,Florida,Texas A&M,Texas A&M,False,4,2024-09-14,0,0.43,True
16027,N Texas,Texas Tech,Texas Tech,False,4,2024-09-14,1,0.51,False
16028,Mississippi St,Toledo,Toledo,False,4,2024-09-14,0,0.36,True
16029,Utah,Utah St,Utah,True,4,2024-09-14,0,0.5,False
16030,Virginia Tech,Old Dominion,Virginia Tech,True,4,2024-09-14,1,0.62,True
16031,Washington St,Washington,Washington St,True,4,2024-09-14,1,0.56,True
16032,W Kentucky,Middle Tenn,W Kentucky,True,4,2024-09-14,1,0.62,True
16034,S Alabama,App State,S Alabama,True,5,2024-09-19,0,0.49,False
16035,Illinois,Nebraska,Illinois,True,5,2024-09-20,0,0.46,False
16036,Syracuse,Stanford,Stanford,False,5,2024-09-20,1,0.52,False
16037,San Jose St,Washington St,Washington St,False,5,2024-09-20,0,0.47,True
16038,Arkansas,Auburn,Arkansas,True,5,2024-09-21,1,0.56,True
16039,Rice,Army,Army,False,5,2024-09-21,0,0.45,True
16041,Boston College,Michigan St,Boston College,True,5,2024-09-21,1,0.52,True
16042,Kansas St,BYU,BYU,False,5,2024-09-21,1,0.55,False
16043,N Illinois,Buffalo,Buffalo,False,5,2024-09-21,0,0.44,True
16044,C Michigan,Ball St,C Michigan,True,5,2024-09-21,1,0.51,True
16045,Cincinnati,Houston,Cincinnati,True,5,2024-09-21,1,0.52,True
16046,NC State,Clemson,Clemson,False,5,2024-09-21,1,0.65,False
16047,Colorado,Baylor,Colorado,True,5,2024-09-21,0,0.46,False
16048,UTEP,Colorado St,Colorado St,False,5,2024-09-21,1,0.52,False
16049,Florida Atlantic,UConn,UConn,False,5,2024-09-21,1,0.51,False
16050,Middle Tenn,Duke,Duke,False,5,2024-09-21,1,0.53,False
16052,Florida,Mississippi St,Florida,True,5,2024-09-21,1,0.62,True
16053,California,Florida St,Florida St,False,5,2024-09-21,1,0.52,False
16054,New Mexico,Fresno St,Fresno St,False,5,2024-09-21,0,0.46,True
16055,Charlotte,Indiana,Indiana,False,5,2024-09-21,1,0.56,False
16056,Iowa,Minnesota,Iowa,True,5,2024-09-21,1,0.57,True
16057,Arkansas St,Iowa St,Iowa St,False,5,2024-09-21,0,0.38,True
16058,Southern Miss,Jacksonville St,Jacksonville St,False,5,2024-09-21,0,0.41,True
16059,J Madison,North Carolina,J Madison,True,5,2024-09-21,1,0.52,True
16060,Kentucky,Ohio,Kentucky,True,5,2024-09-21,0,0.41,False
16061,E Carolina,Liberty,Liberty,False,5,2024-09-21,1,0.51,False
16062,UCLA,LSU,LSU,False,5,2024-09-21,1,0.62,False
16063,Louisville,Georgia Tech,Louisville,True,5,2024-09-21,1,0.57,True
16066,Miami,S Florida,Miami,True,5,2024-09-21,1,0.63,True
16067,USC,Michigan,Michigan,False,5,2024-09-21,0,0.42,True
16068,Georgia So,Mississippi,Mississippi,False,5,2024-09-21,0,0.44,True
16069,Vanderbilt,Missouri,Missouri,False,5,2024-09-21,0,0.47,True
16071,Memphis,Navy,Navy,False,5,2024-09-21,1,0.56,False
16073,Wyoming,N Texas,N Texas,False,5,2024-09-21,0,0.44,True
16074,Notre Dame,Miami OH,Notre Dame,True,5,2024-09-21,0,0.5,False
16075,Marshall,Ohio St,Ohio St,False,5,2024-09-21,1,0.57,False
16076,Oregon St,Purdue,Oregon St,True,5,2024-09-21,0,0.47,False
16077,Penn St,Kent St,Penn St,True,5,2024-09-21,1,0.59,True
16079,Virginia Tech,Rutgers,Rutgers,False,5,2024-09-21,1,0.55,False
16080,New Mexico St,Sam Houston,Sam Houston,False,5,2024-09-21,1,0.53,False
16081,Akron,South Carolina,South Carolina,False,5,2024-09-21,0,0.43,True
16082,SMU,TCU,SMU,True,5,2024-09-21,0,0.48,False
16083,Temple,Utah St,Temple,True,5,2024-09-21,1,0.51,True
16084,Oklahoma,Tennessee,Tennessee,False,5,2024-09-21,0,0.43,True
16085,UL Monroe,Texas,Texas,False,5,2024-09-21,1,0.53,False
16086,Bowling Green,Texas A&M,Texas A&M,False,5,2024-09-21,0,0.46,True
16087,Arizona St,Texas Tech,Texas Tech,False,5,2024-09-21,0,0.44,True
16090,Tulane,Louisiana,Tulane,True,5,2024-09-21,0,0.46,False
16091,Louisiana Tech,Tulsa,Tulsa,False,5,2024-09-21,0,0.46,True
16092,Oklahoma St,Utah,Utah,False,5,2024-09-21,1,0.51,False
16093,Virginia,Coastal Car,Virginia,True,5,2024-09-21,0,0.46,False
16094,Washington,Northwestern,Washington,True,5,2024-09-21,1,0.56,True
16095,West Virginia,Kansas,West Virginia,True,5,2024-09-21,1,0.55,True
16096,W Kentucky,Toledo,W Kentucky,True,5,2024-09-21,0,0.47,False
16098,Army,Temple,Army,True,6,2024-09-26,0,0.27,False
16099,Miami,Virginia Tech,Miami,True,6,2024-09-27,1,0.62,True
16100,Rutgers,Washington,Rutgers,True,6,2024-09-27,1,0.55,True
16101,Alabama,Georgia,Alabama,True,6,2024-09-28,1,0.54,True
16102,Arizona,Utah,Arizona,True,6,2024-09-28,0,0.43,False
16103,Washington St,Boise St,Boise St,False,6,2024-09-28,1,0.56,False
16104,W Kentucky,Boston College,Boston College,False,6,2024-09-28,1,0.53,False
16105,BYU,Baylor,BYU,True,6,2024-09-28,0,0.44,False
16106,San Diego St,C Michigan,C Michigan,False,6,2024-09-28,1,0.53,False
16107,Charlotte,Rice,Charlotte,True,6,2024-09-28,1,0.72,True
16108,Stanford,Clemson,Clemson,False,6,2024-09-28,0,0.41,True
16109,UCF,Colorado,Colorado,False,6,2024-09-28,0,0.43,True
16110,Buffalo,UConn,UConn,False,6,2024-09-28,0,0.43,True
16111,Duke,North Carolina,Duke,True,6,2024-09-28,0,0.41,False
16112,UTSA,E Carolina,E Carolina,False,6,2024-09-28,0,0.37,True
16113,Kent St,E Michigan,E Michigan,False,6,2024-09-28,1,0.56,False
16115,Florida Intl,Louisiana Tech,Florida Intl,True,6,2024-09-28,1,0.59,True
16116,Georgia So,Georgia St,Georgia So,True,6,2024-09-28,0,0.42,False
16117,Indiana,Maryland,Indiana,True,6,2024-09-28,0,0.48,False
16118,Iowa St,Houston,Iowa St,True,6,2024-09-28,0,0.46,False
16119,J Madison,Ball St,J Madison,True,6,2024-09-28,1,0.57,True
16120,Kansas St,Oklahoma St,Kansas St,True,6,2024-09-28,0,0.36,False
16121,Mississippi,Kentucky,Kentucky,False,6,2024-09-28,1,0.57,False
16122,Louisiana,Wake Forest,Louisiana,True,6,2024-09-28,0,0.45,False
16123,S Alabama,LSU,LSU,False,6,2024-09-28,1,0.59,False
16124,Troy,UL Monroe,UL Monroe,False,6,2024-09-28,0,0.41,True
16125,Marshall,W Michigan,Marshall,True,6,2024-09-28,1,0.54,True
16126,Middle Tenn,Memphis,Memphis,False,6,2024-09-28,0,0.38,True
16127,UMass,Miami OH,Miami OH,False,6,2024-09-28,0,0.49,True
16128,Minnesota,Michigan,Michigan,False,6,2024-09-28,1,0.52,False
16129,Navy,UAB,Navy,True,6,2024-09-28,0,0.45,False
16130,Nebraska,Purdue,Nebraska,True,6,2024-09-28,0,0.45,False
16131,Fresno St,UNLV,UNLV,False,6,2024-09-28,1,0.56,False
16132,New Mexico,New Mexico St,New Mexico,True,6,2024-09-28,0,0.42,False
16133,N Illinois,NC State,NC State,False,6,2024-09-28,1,0.52,False
16134,Tulsa,N Texas,N Texas,False,6,2024-09-28,0,0.44,True
16135,Notre Dame,Louisville,Notre Dame,True,6,2024-09-28,1,0.65,True
16136,Ohio,Akron,Ohio,True,6,2024-09-28,1,0.53,True
16137,Michigan St,Ohio St,Ohio St,False,6,2024-09-28,0,0.4,True
16138,Oklahoma,Auburn,Oklahoma,True,6,2024-09-28,1,0.52,True
16139,Bowling Green,Old Dominion,Old Dominion,False,6,2024-09-28,0,0.48,True
16140,UCLA,Oregon,Oregon,False,6,2024-09-28,1,0.52,False
16141,Penn St,Illinois,Penn St,True,6,2024-09-28,1,0.59,True
16142,Texas St,Sam Houston,Sam Houston,False,6,2024-09-28,1,0.59,False
16143,Wisconsin,USC,USC,False,6,2024-09-28,1,0.58,False
16144,Florida St,SMU,SMU,False,6,2024-09-28,1,0.53,False
16147,Texas,Mississippi St,Texas,True,6,2024-09-28,1,0.52,True
16148,Texas A&M,Arkansas,Texas A&M,True,6,2024-09-28,0,0.49,False
16149,Kansas,TCU,TCU,False,6,2024-09-28,1,0.51,False
16150,Cincinnati,Texas Tech,Texas Tech,False,6,2024-09-28,1,0.53,False
16151,S Florida,Tulane,Tulane,False,6,2024-09-28,0,0.45,True
16152,Wyoming,Air Force,Wyoming,True,6,2024-09-28,0,0.5,False
16153,UTEP,Sam Houston,Sam Houston,False,7,2024-10-03,0,0.48,True
16154,Texas St,Troy,Texas St,True,7,2024-10-03,1,0.53,True
16155,Houston,TCU,Houston,True,7,2024-10-04,1,0.56,True
16156,Jacksonville St,Kennesaw St,Jacksonville St,True,7,2024-10-04,1,0.53,True
16157,Oregon,Michigan St,Oregon,True,7,2024-10-04,0,0.44,False
16158,UNLV,Syracuse,Syracuse,False,7,2024-10-04,0,0.5,True
16159,Kansas,Arizona St,Arizona St,False,7,2024-10-05,1,0.58,False
16160,Tennessee,Arkansas,Arkansas,False,7,2024-10-05,0,0.48,True
16161,S Alabama,Arkansas St,Arkansas St,False,7,2024-10-05,0,0.49,True
16162,Tulsa,Army,Army,False,7,2024-10-05,1,0.55,False
16163,Boise St,Utah St,Boise St,True,7,2024-10-05,0,0.44,False
16164,Akron,Bowling Green,Bowling Green,False,7,2024-10-05,1,0.6,False
16165,Charlotte,E Carolina,Charlotte,True,7,2024-10-05,1,0.53,True
16166,Clemson,Florida St,Clemson,True,7,2024-10-05,1,0.54,True
16167,Old Dominion,Coastal Car,Coastal Car,False,7,2024-10-05,0,0.46,True
16168,UConn,Temple,UConn,True,7,2024-10-05,0,0.41,False
16169,UCF,Florida,Florida,False,7,2024-10-05,0,0.46,True
16170,Georgia,Auburn,Georgia,True,7,2024-10-05,0,0.49,False
16171,Duke,Georgia Tech,Georgia Tech,False,7,2024-10-05,1,0.57,False
16172,Northwestern,Indiana,Indiana,False,7,2024-10-05,0,0.43,True
16173,Iowa St,Baylor,Iowa St,True,7,2024-10-05,0,0.4,False
16174,Louisiana,Southern Miss,Louisiana,True,7,2024-10-05,0,0.5,False
16175,UL Monroe,J Madison,UL Monroe,True,7,2024-10-05,0,0.5,False
16176,App State,Marshall,Marshall,False,7,2024-10-05,0,0.49,True
16177,Miami,California,Miami,True,7,2024-10-05,1,0.61,True
16178,Minnesota,USC,Minnesota,True,7,2024-10-05,1,0.51,True
16179,South Carolina,Mississippi,Mississippi,False,7,2024-10-05,0,0.45,True
16180,Air Force,Navy,Navy,False,7,2024-10-05,1,0.63,False
16181,Rutgers,Nebraska,Nebraska,False,7,2024-10-05,1,0.61,False
16182,UMass,N Illinois,N Illinois,False,7,2024-10-05,0,0.46,True
16183,Ohio St,Iowa,Ohio St,True,7,2024-10-05,0,0.5,False
16184,Colorado St,Oregon St,Oregon St,False,7,2024-10-05,1,0.63,False
16185,Penn St,UCLA,Penn St,True,7,2024-10-05,1,0.56,True
16186,Pittsburgh,North Carolina,Pittsburgh,True,7,2024-10-05,0,0.49,False
16187,Hawai'i,San Diego St,San Diego St,False,7,2024-10-05,0,0.43,True
16188,San Jose St,Nevada,San Jose St,True,7,2024-10-05,0,0.48,False
16189,Louisville,SMU,SMU,False,7,2024-10-05,0,0.41,True
16190,Missouri,Texas A&M,Texas A&M,False,7,2024-10-05,0,0.42,True
16191,Texas Tech,Arizona,Texas Tech,True,7,2024-10-05,1,0.53,True
16192,Miami OH,Toledo,Toledo,False,7,2024-10-05,0,0.41,True
16193,UAB,Tulane,Tulane,False,7,2024-10-05,1,0.53,False
16194,Vanderbilt,Alabama,Vanderbilt,True,7,2024-10-05,0,0.49,False
16195,Virginia,Boston College,Virginia,True,7,2024-10-05,0,0.5,False
16196,Stanford,Virginia Tech,Virginia Tech,False,7,2024-10-05,1,0.66,False
16197,NC State,Wake Forest,Wake Forest,False,7,2024-10-05,1,0.51,False
16198,Michigan,Washington,Washington,False,7,2024-10-05,0,0.5,True
16199,West Virginia,Oklahoma St,West Virginia,True,7,2024-10-05,0,0.48,False
16200,W Michigan,Ball St,W Michigan,True,7,2024-10-05,1,0.6,True
16201,Purdue,Wisconsin,Wisconsin,False,7,2024-10-05,1,0.6,False
16202,Florida Intl,Liberty,Liberty,False,8,2024-10-08,0,0.47,True
16203,Jacksonville St,New Mexico St,Jacksonville St,True,8,2024-10-09,0,0.31,False
16204,J Madison,Coastal Car,J Madison,True,8,2024-10-10,0,0.5,False
16205,Louisiana Tech,Middle Tenn,Louisiana Tech,True,8,2024-10-10,0,0.45,False
16206,UTEP,W Kentucky,W Kentucky,False,8,2024-10-10,0,0.44,True
16207,Arizona St,Utah,Arizona St,True,8,2024-10-11,1,0.56,True
16208,UNLV,Utah St,UNLV,True,8,2024-10-11,1,0.51,True
16209,Maryland,Northwestern,Northwestern,False,8,2024-10-11,1,0.53,False
16210,South Carolina,Alabama,Alabama,False,8,2024-10-12,1,0.74,False
16211,UAB,Army,Army,False,8,2024-10-12,1,0.55,False
16212,Kent St,Ball St,Ball St,False,8,2024-10-12,1,0.62,False
16213,Boise St,Hawai'i,Boise St,True,8,2024-10-12,0,0.45,False
16214,BYU,Arizona,BYU,True,8,2024-10-12,0,0.5,False
16215,Buffalo,Toledo,Buffalo,True,8,2024-10-12,0,0.36,False
16216,Cincinnati,UCF,Cincinnati,True,8,2024-10-12,1,0.56,True
16217,Wake Forest,Clemson,Clemson,False,8,2024-10-12,0,0.42,True
16218,San Jose St,Colorado St,Colorado St,False,8,2024-10-12,0,0.47,True
16219,Mississippi St,Georgia,Georgia,False,8,2024-10-12,1,0.64,False
16220,Marshall,Georgia So,Georgia So,False,8,2024-10-12,0,0.5,True
16221,North Carolina,Georgia Tech,Georgia Tech,False,8,2024-10-12,1,0.54,False
16222,Purdue,Illinois,Illinois,False,8,2024-10-12,1,0.51,False
16223,Washington,Iowa,Iowa,False,8,2024-10-12,0,0.48,True
16224,Iowa St,West Virginia,Iowa St,True,8,2024-10-12,0,0.5,False
16225,Colorado,Kansas St,Kansas St,False,8,2024-10-12,1,0.56,False
16226,Louisiana,App State,Louisiana,True,8,2024-10-12,1,0.59,True
16227,Mississippi,LSU,LSU,False,8,2024-10-12,0,0.45,True
16228,UL Monroe,Southern Miss,UL Monroe,True,8,2024-10-12,0,0.47,False
16229,Virginia,Louisville,Louisville,False,8,2024-10-12,1,0.55,False
16230,Memphis,S Florida,Memphis,True,8,2024-10-12,1,0.58,True
16231,E Michigan,Miami OH,Miami OH,False,8,2024-10-12,1,0.61,False
16232,Minnesota,UCLA,Minnesota,True,8,2024-10-12,1,0.59,True
16233,Missouri,UMass,Missouri,True,8,2024-10-12,0,0.5,False
16234,Oregon St,Nevada,Nevada,False,8,2024-10-12,1,0.53,False
16235,Air Force,New Mexico,New Mexico,False,8,2024-10-12,1,0.51,False
16236,Florida Atlantic,N Texas,N Texas,False,8,2024-10-12,0,0.46,True
16237,Bowling Green,N Illinois,N Illinois,False,8,2024-10-12,1,0.54,False
16238,Notre Dame,Stanford,Notre Dame,True,8,2024-10-12,0,0.44,False
16239,C Michigan,Ohio,Ohio,False,8,2024-10-12,0,0.48,True
16240,Georgia St,Old Dominion,Old Dominion,False,8,2024-10-12,0,0.49,True
16241,Ohio St,Oregon,Oregon,False,8,2024-10-12,1,0.58,False
16242,USC,Penn St,Penn St,False,8,2024-10-12,0,0.45,True
16243,California,Pittsburgh,Pittsburgh,False,8,2024-10-12,1,0.51,False
16244,Rice,UTSA,Rice,True,8,2024-10-12,1,0.53,True
16245,Wyoming,San Diego St,San Diego St,False,8,2024-10-12,1,0.54,False
16246,Syracuse,NC State,Syracuse,True,8,2024-10-12,0,0.45,False
16247,Tennessee,Florida,Tennessee,True,8,2024-10-12,0,0.42,False
16248,Oklahoma,Texas,Texas,False,8,2024-10-12,0,0.46,True
16249,Texas St,Arkansas St,Texas St,True,8,2024-10-12,0,0.5,False
16250,Vanderbilt,Kentucky,Vanderbilt,True,8,2024-10-12,1,0.55,True
16251,Washington St,Fresno St,Washington St,True,8,2024-10-12,1,0.54,True
16252,Akron,W Michigan,W Michigan,False,8,2024-10-12,0,0.5,True
16253,Wisconsin,Rutgers,Wisconsin,True,8,2024-10-12,1,0.57,True
16254,Middle Tenn,Kennesaw St,Middle Tenn,True,9,2024-10-15,0,0.48,False
16255,Louisiana Tech,New Mexico St,New Mexico St,False,9,2024-10-15,0,0.48,True
16256,S Alabama,Troy,S Alabama,True,9,2024-10-15,0,0.41,False
16257,Florida Intl,UTEP,UTEP,False,9,2024-10-16,1,0.61,False
16258,Sam Houston,W Kentucky,W Kentucky,False,9,2024-10-16,0,0.41,True
16259,Marshall,Georgia St,Marshall,True,9,2024-10-17,1,0.63,True
16260,Virginia Tech,Boston College,Virginia Tech,True,9,2024-10-17,0,0.49,False
16261,BYU,Oklahoma St,BYU,True,9,2024-10-18,0,0.48,False
16262,Duke,Florida St,Duke,True,9,2024-10-18,1,0.52,True
16263,Nevada,Fresno St,Fresno St,False,9,2024-10-18,1,0.56,False
16264,Oregon,Purdue,Oregon,True,9,2024-10-18,0,0.48,False
16265,Southern Miss,Arkansas St,Arkansas St,False,9,2024-10-19,1,0.52,False
16266,E Carolina,Army,Army,False,9,2024-10-19,1,0.54,False
16267,Baylor,Texas Tech,Baylor,True,9,2024-10-19,1,0.51,True
16268,Bowling Green,Kent St,Bowling Green,True,9,2024-10-19,1,0.55,True
16269,Arizona St,Cincinnati,Cincinnati,False,9,2024-10-19,0,0.46,True
16270,Virginia,Clemson,Clemson,False,9,2024-10-19,1,0.59,False
16271,Colorado,Arizona,Colorado,True,9,2024-10-19,0,0.5,False
16272,Air Force,Colorado St,Colorado St,False,9,2024-10-19,1,0.57,False
16273,C Michigan,E Michigan,E Michigan,False,9,2024-10-19,1,0.58,False
16274,Kentucky,Florida,Florida,False,9,2024-10-19,1,0.56,False
16275,Texas,Georgia,Georgia,False,9,2024-10-19,1,0.63,False
16276,Georgia So,J Madison,Georgia So,True,9,2024-10-19,0,0.44,False
16277,Illinois,Michigan,Illinois,True,9,2024-10-19,1,0.61,True
16278,Nebraska,Indiana,Indiana,False,9,2024-10-19,1,0.51,False
16279,UCF,Iowa St,Iowa St,False,9,2024-10-19,0,0.43,True
16280,Kansas,Houston,Kansas,True,9,2024-10-19,0,0.44,False
16281,Kansas St,West Virginia,Kansas St,True,9,2024-10-19,0,0.48,False
16282,Coastal Car,Louisiana,Louisiana,False,9,2024-10-19,0,0.46,True
16283,LSU,Arkansas,LSU,True,9,2024-10-19,1,0.59,True
16284,Maryland,USC,Maryland,True,9,2024-10-19,1,0.55,True
16285,N Texas,Memphis,Memphis,False,9,2024-10-19,0,0.5,True
16286,Miami,Louisville,Miami,True,9,2024-10-19,1,0.6,True
16287,Ohio,Miami OH,Miami OH,False,9,2024-10-19,0,0.42,True
16288,Michigan St,Iowa,Michigan St,True,9,2024-10-19,1,0.53,True
16289,Missouri,Auburn,Missouri,True,9,2024-10-19,1,0.58,True
16290,Charlotte,Navy,Navy,False,9,2024-10-19,1,0.67,False
16291,UNLV,Oregon St,UNLV,True,9,2024-10-19,0,0.46,False
16292,New Mexico,Utah St,New Mexico,True,9,2024-10-19,0,0.49,False
16293,California,NC State,NC State,False,9,2024-10-19,1,0.53,False
16294,Notre Dame,Georgia Tech,Notre Dame,True,9,2024-10-19,1,0.58,True
16295,Old Dominion,Texas St,Old Dominion,True,9,2024-10-19,0,0.43,False
16296,San Jose St,Wyoming,San Jose St,True,9,2024-10-19,0,0.47,False
16297,South Carolina,Oklahoma,South Carolina,True,9,2024-10-19,1,0.69,True
16298,UAB,S Florida,S Florida,False,9,2024-10-19,1,0.64,False
16299,Stanford,SMU,SMU,False,9,2024-10-19,0,0.48,True
16300,Temple,Tulsa,Temple,True,9,2024-10-19,0,0.45,False
16301,Alabama,Tennessee,Tennessee,False,9,2024-10-19,0,0.44,True
16302,Mississippi St,Texas A&M,Texas A&M,False,9,2024-10-19,0,0.48,True
16303,TCU,Utah,TCU,True,9,2024-10-19,1,0.52,True
16304,UTSA,Florida Atlantic,UTSA,True,9,2024-10-19,0,0.41,False
16305,Toledo,N Illinois,Toledo,True,9,2024-10-19,0,0.45,False
16306,Tulane,Rice,Tulane,True,9,2024-10-19,0,0.47,False
16307,Rutgers,UCLA,UCLA,False,9,2024-10-19,1,0.6,False
16308,Vanderbilt,Ball St,Vanderbilt,True,9,2024-10-19,0,0.48,False
16309,Wake Forest,UConn,Wake Forest,True,9,2024-10-19,0,0.45,False
16310,Washington St,Hawai'i,Washington St,True,9,2024-10-19,1,0.53,True
16311,Buffalo,W Michigan,W Michigan,False,9,2024-10-19,1,0.55,False
16312,Northwestern,Wisconsin,Wisconsin,False,9,2024-10-19,0,0.49,True
16313,Louisiana Tech,UTEP,Louisiana Tech,True,10,2024-10-22,1,0.52,True
16314,Sam Houston,Florida Intl,Sam Houston,True,10,2024-10-22,0,0.45,False
16315,Jacksonville St,Middle Tenn,Jacksonville St,True,10,2024-10-23,0,0.49,False
16316,Kennesaw St,Liberty,Kennesaw St,True,10,2024-10-23,0,0.48,False
16317,Old Dominion,Georgia So,Old Dominion,True,10,2024-10-24,1,0.51,True
16318,Pittsburgh,Syracuse,Pittsburgh,True,10,2024-10-24,0,0.48,False
16319,UNLV,Boise St,Boise St,False,10,2024-10-25,1,0.52,False
16320,Louisville,Boston College,Louisville,True,10,2024-10-25,1,0.51,True
16321,USC,Rutgers,USC,True,10,2024-10-25,0,0.47,False
16322,Akron,E Michigan,Akron,True,10,2024-10-26,1,0.54,True
16323,Alabama,Missouri,Alabama,True,10,2024-10-26,0,0.48,False
16324,App State,Georgia St,App State,True,10,2024-10-26,1,0.53,True
16325,Arkansas,Mississippi St,Arkansas,True,10,2024-10-26,1,0.57,True
16326,Arkansas St,Troy,Arkansas St,True,10,2024-10-26,0,0.39,False
16327,Kentucky,Auburn,Auburn,False,10,2024-10-26,1,0.63,False
16328,Ball St,N Illinois,Ball St,True,10,2024-10-26,1,0.64,True
16329,Baylor,Oklahoma St,Baylor,True,10,2024-10-26,0,0.44,False
16330,Toledo,Bowling Green,Bowling Green,False,10,2024-10-26,0,0.48,True
16331,BYU,UCF,BYU,True,10,2024-10-26,0,0.43,False
16332,Oregon St,California,California,False,10,2024-10-26,1,0.51,False
16333,Colorado,Cincinnati,Colorado,True,10,2024-10-26,0,0.27,False
16334,New Mexico,Colorado St,Colorado St,False,10,2024-10-26,0,0.49,True
16335,Rice,UConn,UConn,False,10,2024-10-26,0,0.43,True
16336,Temple,E Carolina,E Carolina,False,10,2024-10-26,0,0.49,True
16337,San Jose St,Fresno St,Fresno St,False,10,2024-10-26,1,0.52,False
16338,Houston,Utah,Houston,True,10,2024-10-26,0,0.47,False
16339,Indiana,Washington,Indiana,True,10,2024-10-26,0,0.41,False
16340,Northwestern,Iowa,Iowa,False,10,2024-10-26,0,0.43,True
16341,Southern Miss,J Madison,J Madison,False,10,2024-10-26,0,0.49,True
16342,Kansas,Kansas St,Kansas St,False,10,2024-10-26,0,0.36,True
16344,Charlotte,Memphis,Memphis,False,10,2024-10-26,0,0.5,True
16345,Florida St,Miami,Miami,False,10,2024-10-26,1,0.58,False
16346,C Michigan,Miami OH,Miami OH,False,10,2024-10-26,1,0.62,False
16347,Michigan,Michigan St,Michigan,True,10,2024-10-26,1,0.53,True
16348,Minnesota,Maryland,Minnesota,True,10,2024-10-26,1,0.56,True
16349,Oklahoma,Mississippi,Mississippi,False,10,2024-10-26,1,0.51,False
16350,North Carolina,Virginia,North Carolina,True,10,2024-10-26,1,0.57,True
16351,Navy,Notre Dame,Notre Dame,False,10,2024-10-26,1,0.57,False
16352,Buffalo,Ohio,Ohio,False,10,2024-10-26,1,0.52,False
16353,Nebraska,Ohio St,Ohio St,False,10,2024-10-26,1,0.64,False
16354,Illinois,Oregon,Oregon,False,10,2024-10-26,1,0.52,False
16355,Penn St,Wisconsin,Penn St,True,10,2024-10-26,0,0.43,False
16356,UL Monroe,S Alabama,S Alabama,False,10,2024-10-26,1,0.54,False
16357,Duke,SMU,SMU,False,10,2024-10-26,0,0.41,True
16358,Texas,Vanderbilt,Texas,True,10,2024-10-26,1,0.59,True
16359,Texas A&M,LSU,Texas A&M,True,10,2024-10-26,1,0.63,True
16360,TCU,Texas Tech,TCU,True,10,2024-10-26,0,0.37,False
16361,Tulane,N Texas,Tulane,True,10,2024-10-26,0,0.38,False
16362,Tulsa,UTSA,Tulsa,True,10,2024-10-26,1,0.55,True
16363,Utah St,Wyoming,Utah St,True,10,2024-10-26,1,0.55,True
16364,Virginia Tech,Georgia Tech,Virginia Tech,True,10,2024-10-26,1,0.56,True
16365,Wake Forest,Stanford,Wake Forest,True,10,2024-10-26,0,0.45,False
16366,San Diego St,Washington St,Washington St,False,10,2024-10-26,1,0.55,False
16367,Arizona,West Virginia,West Virginia,False,10,2024-10-26,1,0.55,False
16368,Kent St,W Michigan,W Michigan,False,10,2024-10-26,0,0.47,True
16369,Hawai'i,Nevada,Hawai'i,True,10,2024-10-27,0,0.4,False
16370,New Mexico St,Florida Intl,Florida Intl,False,11,2024-10-29,1,0.66,False
16371,Louisiana,Texas St,Louisiana,True,11,2024-10-29,1,0.58,True
16372,Sam Houston,Louisiana Tech,Sam Houston,True,11,2024-10-29,0,0.37,False
16373,Liberty,Jacksonville St,Jacksonville St,False,11,2024-10-30,0,0.47,True
16374,Kennesaw St,W Kentucky,W Kentucky,False,11,2024-10-30,0,0.48,True
16375,Charlotte,Tulane,Tulane,False,11,2024-10-31,0,0.5,True
16376,Boise St,San Diego St,Boise St,True,11,2024-11-01,0,0.43,False
16377,Georgia St,UConn,UConn,False,11,2024-11-01,0,0.47,True
16378,S Florida,Florida Atlantic,S Florida,True,11,2024-11-01,0,0.45,False
16379,UAB,Tulsa,UAB,True,11,2024-11-02,1,0.51,True
16380,Old Dominion,App State,App State,False,11,2024-11-02,0,0.48,True
16381,Arizona St,Oklahoma St,Arizona St,True,11,2024-11-02,1,0.55,True
16382,Army,Air Force,Army,True,11,2024-11-02,0,0.43,False
16383,Baylor,TCU,Baylor,True,11,2024-11-02,0,0.44,False
16384,Akron,Buffalo,Buffalo,False,11,2024-11-02,0,0.47,True
16385,Arizona,UCF,UCF,False,11,2024-11-02,0,0.46,True
16386,Colorado St,Nevada,Colorado St,True,11,2024-11-02,1,0.56,True
16387,Georgia,Florida,Georgia,True,11,2024-11-02,0,0.43,False
16388,S Alabama,Georgia So,Georgia So,False,11,2024-11-02,1,0.59,False
16389,Hawai'i,Fresno St,Hawai'i,True,11,2024-11-02,1,0.57,True
16390,Kansas St,Houston,Houston,False,11,2024-11-02,1,0.59,False
16391,Michigan St,Indiana,Indiana,False,11,2024-11-02,0,0.36,True
16392,Iowa,Wisconsin,Iowa,True,11,2024-11-02,0,0.49,False
16393,Louisville,Clemson,Louisville,True,11,2024-11-02,0,0.47,False
16394,Marshall,UL Monroe,Marshall,True,11,2024-11-02,0,0.46,False
16395,Miami,Duke,Miami,True,11,2024-11-02,0,0.39,False
16396,UTEP,Middle Tenn,Middle Tenn,False,11,2024-11-02,1,0.64,False
16397,Illinois,Minnesota,Minnesota,False,11,2024-11-02,1,0.63,False
16398,Mississippi,Arkansas,Mississippi,True,11,2024-11-02,1,0.54,True
16399,Mississippi St,UMass,Mississippi St,True,11,2024-11-02,0,0.5,False
16400,North Carolina,Florida St,North Carolina,True,11,2024-11-02,0,0.5,False
16401,NC State,Stanford,NC State,True,11,2024-11-02,0,0.43,False
16402,Purdue,Northwestern,Northwestern,False,11,2024-11-02,0,0.4,True
16403,Penn St,Ohio St,Ohio St,False,11,2024-11-02,1,0.58,False
16405,Michigan,Oregon,Oregon,False,11,2024-11-02,1,0.55,False
16406,Rice,Navy,Rice,True,11,2024-11-02,1,0.55,True
16407,Texas A&M,South Carolina,South Carolina,False,11,2024-11-02,1,0.57,False
16408,SMU,Pittsburgh,SMU,True,11,2024-11-02,1,0.51,True
16409,Syracuse,Virginia Tech,Syracuse,True,11,2024-11-02,1,0.52,True
16410,Kentucky,Tennessee,Tennessee,False,11,2024-11-02,1,0.67,False
16411,Texas Tech,Iowa St,Texas Tech,True,11,2024-11-02,0,0.43,False
16412,UTSA,Memphis,UTSA,True,11,2024-11-02,0,0.45,False
16413,Toledo,E Michigan,Toledo,True,11,2024-11-02,0,0.5,False
16414,Coastal Car,Troy,Troy,False,11,2024-11-02,0,0.44,True
16415,Nebraska,UCLA,UCLA,False,11,2024-11-02,1,0.61,False
16416,Auburn,Vanderbilt,Vanderbilt,False,11,2024-11-02,1,0.55,False
16417,Washington,USC,Washington,True,11,2024-11-02,1,0.55,True
16418,New Mexico,Wyoming,Wyoming,False,11,2024-11-02,0,0.41,True
16419,Bowling Green,C Michigan,Bowling Green,True,12,2024-11-05,0,0.4,False
16420,Ball St,Miami OH,Miami OH,False,12,2024-11-05,0,0.5,True
16421,N Illinois,W Michigan,N Illinois,True,12,2024-11-06,1,0.52,True
16422,Ohio,Kent St,Ohio,True,12,2024-11-06,1,0.56,True
16423,App State,Coastal Car,Coastal Car,False,12,2024-11-07,1,0.63,False
16424,Florida Atlantic,E Carolina,E Carolina,False,12,2024-11-07,1,0.56,False
16425,Wake Forest,California,California,False,12,2024-11-08,0,0.49,True
16426,Rice,Memphis,Memphis,False,12,2024-11-08,1,0.57,False
16427,San Diego St,New Mexico,New Mexico,False,12,2024-11-08,0,0.4,True
16428,Iowa,UCLA,UCLA,False,12,2024-11-08,1,0.51,False
16429,Air Force,Fresno St,Air Force,True,12,2024-11-09,1,0.53,True
16430,LSU,Alabama,Alabama,False,12,2024-11-09,1,0.56,False
16431,Arizona St,UCF,Arizona St,True,12,2024-11-09,1,0.61,True
16432,Army,N Texas,Army,True,12,2024-11-09,0,0.5,False
16433,Nevada,Boise St,Boise St,False,12,2024-11-09,1,0.63,False
16434,Syracuse,Boston College,Boston College,False,12,2024-11-09,1,0.52,False
16435,Utah,BYU,BYU,False,12,2024-11-09,0,0.39,True
16436,Clemson,Virginia Tech,Clemson,True,12,2024-11-09,0,0.34,False
16437,Colorado,Texas Tech,Colorado,True,12,2024-11-09,1,0.53,True
16438,UAB,UConn,UConn,False,12,2024-11-09,1,0.51,False
16439,Duke,NC State,Duke,True,12,2024-11-09,0,0.37,False
16440,Georgia Tech,Miami,Georgia Tech,True,12,2024-11-09,1,0.65,True
16441,Michigan,Indiana,Indiana,False,12,2024-11-09,0,0.47,True
16442,Jacksonville St,Louisiana Tech,Jacksonville St,True,12,2024-11-09,0,0.48,False
16443,J Madison,Georgia St,J Madison,True,12,2024-11-09,1,0.52,True
16444,Iowa St,Kansas,Kansas,False,12,2024-11-09,0,0.43,True
16445,Liberty,Middle Tenn,Liberty,True,12,2024-11-09,0,0.49,False
16446,Louisiana,Arkansas St,Louisiana,True,12,2024-11-09,0,0.47,False
16447,Southern Miss,Marshall,Marshall,False,12,2024-11-09,1,0.58,False
16448,Georgia,Mississippi,Mississippi,False,12,2024-11-09,1,0.53,False
16449,Missouri,Oklahoma,Missouri,True,12,2024-11-09,1,0.62,True
16450,S Florida,Navy,Navy,False,12,2024-11-09,1,0.51,False
16451,Hawai'i,UNLV,UNLV,False,12,2024-11-09,0,0.5,True
16452,Florida St,Notre Dame,Notre Dame,False,12,2024-11-09,0,0.45,True
16453,Ohio St,Purdue,Ohio St,True,12,2024-11-09,0,0.4,False
16454,Oregon,Maryland,Oregon,True,12,2024-11-09,1,0.53,True
16455,Washington,Penn St,Penn St,False,12,2024-11-09,1,0.66,False
16456,Rutgers,Minnesota,Rutgers,True,12,2024-11-09,0,0.48,False
16457,Oregon St,San Jose St,San Jose St,False,12,2024-11-09,0,0.4,True
16458,Vanderbilt,South Carolina,South Carolina,False,12,2024-11-09,1,0.59,False
16459,Mississippi St,Tennessee,Tennessee,False,12,2024-11-09,1,0.67,False
16460,Florida,Texas,Texas,False,12,2024-11-09,1,0.63,False
16461,Oklahoma St,TCU,TCU,False,12,2024-11-09,0,0.49,True
16462,UL Monroe,Texas St,Texas St,False,12,2024-11-09,0,0.48,True
16463,Kennesaw St,UTEP,UTEP,False,12,2024-11-09,0,0.41,True
16464,Tulane,Temple,Tulane,True,12,2024-11-09,1,0.51,True
16465,Virginia,Pittsburgh,Virginia,True,12,2024-11-09,1,0.57,True
16466,Washington St,Utah St,Washington St,True,12,2024-11-09,0,0.5,False
16467,Cincinnati,West Virginia,West Virginia,False,12,2024-11-09,1,0.66,False
16468,W Kentucky,New Mexico St,W Kentucky,True,12,2024-11-09,0,0.43,False
16469,Bowling Green,W Michigan,Bowling Green,True,13,2024-11-12,0,0.46,False
16470,Buffalo,Ball St,Buffalo,True,13,2024-11-12,1,0.54,True
16471,Toledo,C Michigan,Toledo,True,13,2024-11-12,0,0.33,False
16472,Miami OH,Kent St,Miami OH,True,13,2024-11-13,0,0.47,False
16473,Akron,N Illinois,N Illinois,False,13,2024-11-13,1,0.57,False
16474,Ohio,E Michigan,Ohio,True,13,2024-11-13,0,0.37,False
16475,E Carolina,Tulsa,E Carolina,True,13,2024-11-14,1,0.51,True
16476,Houston,Arizona,Arizona,False,13,2024-11-15,0,0.42,True
16477,Wyoming,Colorado St,Colorado St,False,13,2024-11-15,1,0.56,False
16478,N Texas,UTSA,UTSA,False,13,2024-11-15,0,0.42,True
16479,UCLA,Washington,Washington,False,13,2024-11-15,1,0.54,False
16480,Oregon St,Air Force,Air Force,False,13,2024-11-16,1,0.52,False
16482,Arizona St,Kansas St,Arizona St,True,13,2024-11-16,1,0.55,True
16483,Arkansas St,Georgia St,Arkansas St,True,13,2024-11-16,1,0.57,True
16484,Auburn,UL Monroe,Auburn,True,13,2024-11-16,0,0.45,False
16485,West Virginia,Baylor,Baylor,False,13,2024-11-16,0,0.5,True
16486,Boise St,San Jose St,Boise St,True,13,2024-11-16,1,0.56,True
16487,Clemson,Pittsburgh,Clemson,True,13,2024-11-16,1,0.56,True
16488,Colorado,Utah,Colorado,True,13,2024-11-16,0,0.5,False
16489,Florida,LSU,Florida,True,13,2024-11-16,1,0.73,True
16490,Tennessee,Georgia,Georgia,False,13,2024-11-16,1,0.62,False
16491,Michigan St,Illinois,Illinois,False,13,2024-11-16,0,0.5,True
16492,Iowa St,Cincinnati,Iowa St,True,13,2024-11-16,0,0.49,False
16493,Florida Intl,Jacksonville St,Jacksonville St,False,13,2024-11-16,1,0.51,False
16494,J Madison,Old Dominion,J Madison,True,13,2024-11-16,0,0.5,False
16495,Kansas,BYU,Kansas,True,13,2024-11-16,1,0.55,True
16497,Liberty,UMass,Liberty,True,13,2024-11-16,0,0.46,False
16498,Louisiana Tech,W Kentucky,Louisiana Tech,True,13,2024-11-16,1,0.55,True
16499,Coastal Car,Marshall,Marshall,False,13,2024-11-16,1,0.51,False
16500,Memphis,UAB,Memphis,True,13,2024-11-16,0,0.47,False
16501,San Diego St,UNLV,UNLV,False,13,2024-11-16,1,0.63,False
16502,Washington St,New Mexico,New Mexico,False,13,2024-11-16,1,0.54,False
16503,Wake Forest,North Carolina,North Carolina,False,13,2024-11-16,0,0.42,True
16504,Notre Dame,Virginia,Notre Dame,True,13,2024-11-16,0,0.42,False
16505,Northwestern,Ohio St,Ohio St,False,13,2024-11-16,1,0.53,False
16506,Oregon,Wisconsin,Oregon,True,13,2024-11-16,0,0.49,False
16507,Purdue,Penn St,Penn St,False,13,2024-11-16,1,0.51,False
16508,Maryland,Rutgers,Rutgers,False,13,2024-11-16,0,0.45,True
16509,Sam Houston,Kennesaw St,Sam Houston,True,13,2024-11-16,0,0.48,False
16510,S Alabama,Louisiana,S Alabama,True,13,2024-11-16,1,0.69,True
16511,South Carolina,Missouri,South Carolina,True,13,2024-11-16,1,0.63,True
16512,S Florida,Charlotte,S Florida,True,13,2024-11-16,1,0.55,True
16513,USC,Nebraska,USC,True,13,2024-11-16,1,0.56,True
16514,Boston College,SMU,SMU,False,13,2024-11-16,1,0.6,False
16515,Stanford,Louisville,Stanford,True,13,2024-11-16,1,0.62,True
16516,California,Syracuse,Syracuse,False,13,2024-11-16,0,0.45,True
16517,Temple,Florida Atlantic,Temple,True,13,2024-11-16,1,0.53,True
16518,Texas,Arkansas,Texas,True,13,2024-11-16,0,0.5,False
16519,New Mexico St,Texas A&M,Texas A&M,False,13,2024-11-16,1,0.54,False
16520,Texas St,Southern Miss,Texas St,True,13,2024-11-16,0,0.46,False
16521,Georgia So,Troy,Troy,False,13,2024-11-16,1,0.53,False
16522,Navy,Tulane,Tulane,False,13,2024-11-16,1,0.6,False
16523,Utah St,Hawai'i,Utah St,True,13,2024-11-16,1,0.52,True
16524,Akron,Kent St,Akron,True,14,2024-11-19,0,0.48,False
16525,C Michigan,W Michigan,C Michigan,True,14,2024-11-19,0,0.46,False
16526,N Illinois,Miami OH,Miami OH,False,14,2024-11-19,1,0.51,False
16527,Buffalo,E Michigan,Buffalo,True,14,2024-11-20,1,0.52,True
16528,Ohio,Toledo,Ohio,True,14,2024-11-20,0,0.35,False
16529,NC State,Georgia Tech,Georgia Tech,False,14,2024-11-21,1,0.58,False
16530,Purdue,Michigan St,Michigan St,False,14,2024-11-22,1,0.56,False
16531,San Jose St,UNLV,UNLV,False,14,2024-11-22,0,0.43,True
16532,UTSA,Temple,UTSA,True,14,2024-11-22,0,0.47,False
16533,Nevada,Air Force,Air Force,False,14,2024-11-23,0,0.42,True
16534,Rice,UAB,UAB,False,14,2024-11-23,1,0.61,False
16535,App State,J Madison,App State,True,14,2024-11-23,1,0.53,True
16536,BYU,Arizona St,Arizona St,False,14,2024-11-23,1,0.6,False
16537,Arkansas,Louisiana Tech,Arkansas,True,14,2024-11-23,0,0.41,False
16538,UL Monroe,Arkansas St,Arkansas St,False,14,2024-11-23,1,0.53,False
16539,Texas A&M,Auburn,Auburn,False,14,2024-11-23,1,0.55,False
16540,Baylor,Houston,Baylor,True,14,2024-11-23,0,0.46,False
16541,Boise St,Wyoming,Boise St,True,14,2024-11-23,0,0.48,False
16542,North Carolina,Boston College,Boston College,False,14,2024-11-23,1,0.64,False
16543,Ball St,Bowling Green,Bowling Green,False,14,2024-11-23,1,0.52,False
16544,California,Stanford,California,True,14,2024-11-23,0,0.45,False
16545,Charlotte,Florida Atlantic,Charlotte,True,14,2024-11-23,1,0.66,True
16547,Virginia Tech,Duke,Duke,False,14,2024-11-23,1,0.55,False
16548,N Texas,E Carolina,E Carolina,False,14,2024-11-23,0,0.48,True
16549,Mississippi,Florida,Florida,False,14,2024-11-23,1,0.53,False
16551,Colorado St,Fresno St,Fresno St,False,14,2024-11-23,1,0.54,False
16552,UMass,Georgia,Georgia,False,14,2024-11-23,1,0.61,False
16553,Georgia So,Coastal Car,Georgia So,True,14,2024-11-23,1,0.52,True
16554,Texas St,Georgia St,Georgia St,False,14,2024-11-23,0,0.48,True
16555,Illinois,Rutgers,Illinois,True,14,2024-11-23,1,0.51,True
16556,Maryland,Iowa,Iowa,False,14,2024-11-23,0,0.46,True
16557,Iowa St,Utah,Iowa St,True,14,2024-11-23,1,0.53,True
16558,Jacksonville St,Sam Houston,Jacksonville St,True,14,2024-11-23,1,0.51,True
16559,Colorado,Kansas,Kansas,False,14,2024-11-23,1,0.56,False
16560,Cincinnati,Kansas St,Kansas St,False,14,2024-11-23,1,0.52,False
16561,Florida Intl,Kennesaw St,Kennesaw St,False,14,2024-11-23,0,0.47,True
16562,W Kentucky,Liberty,Liberty,False,14,2024-11-23,0,0.42,True
16563,Louisiana,Troy,Louisiana,True,14,2024-11-23,1,0.55,True
16564,Vanderbilt,LSU,LSU,False,14,2024-11-23,1,0.54,False
16565,Louisville,Pittsburgh,Louisville,True,14,2024-11-23,1,0.6,True
16566,Old Dominion,Marshall,Marshall,False,14,2024-11-23,0,0.42,True
16567,Wake Forest,Miami,Miami,False,14,2024-11-23,1,0.51,False
16568,Northwestern,Michigan,Michigan,False,14,2024-11-23,0,0.44,True
16569,Missouri,Mississippi St,Missouri,True,14,2024-11-23,1,0.54,True
16570,Wisconsin,Nebraska,Nebraska,False,14,2024-11-23,1,0.57,False
16571,New Mexico St,Middle Tenn,New Mexico St,True,14,2024-11-23,1,0.56,True
16572,Notre Dame,Army,Notre Dame,True,14,2024-11-23,0,0.47,False
16573,Indiana,Ohio St,Ohio St,False,14,2024-11-23,0,0.41,True
16574,Alabama,Oklahoma,Oklahoma,False,14,2024-11-23,1,0.52,False
16575,Oregon St,Washington St,Oregon St,True,14,2024-11-23,0,0.35,False
16576,Penn St,Minnesota,Penn St,True,14,2024-11-23,1,0.6,True
16577,Southern Miss,S Alabama,S Alabama,False,14,2024-11-23,0,0.4,True
16579,S Florida,Tulsa,S Florida,True,14,2024-11-23,1,0.54,True
16580,USC,UCLA,USC,True,14,2024-11-23,0,0.49,False
16581,Virginia,SMU,SMU,False,14,2024-11-23,1,0.55,False
16582,Syracuse,UConn,Syracuse,True,14,2024-11-23,1,0.55,True
16583,Tennessee,UTEP,Tennessee,True,14,2024-11-23,1,0.57,True
16584,Kentucky,Texas,Texas,False,14,2024-11-23,1,0.59,False
16585,TCU,Arizona,TCU,True,14,2024-11-23,1,0.51,True
16586,Oklahoma St,Texas Tech,Texas Tech,False,14,2024-11-23,0,0.46,True
16587,San Diego St,Utah St,Utah St,False,14,2024-11-23,0,0.49,True
16588,West Virginia,UCF,West Virginia,True,14,2024-11-23,0,0.48,False
16589,Toledo,Akron,Akron,False,15,2024-11-26,0,0.4,True
16590,Buffalo,Kent St,Buffalo,True,15,2024-11-26,0,0.5,False
16591,Tulane,Memphis,Memphis,False,15,2024-11-28,1,0.63,False
16592,Boise St,Oregon St,Boise St,True,15,2024-11-29,1,0.52,True
16593,Oklahoma St,Colorado,Colorado,False,15,2024-11-29,0,0.37,True
16594,Utah St,Colorado St,Colorado St,False,15,2024-11-29,0,0.39,True
16595,Georgia Tech,Georgia,Georgia,False,15,2024-11-29,1,0.65,False
16596,Nebraska,Iowa,Iowa,False,15,2024-11-29,0,0.45,True
16597,Miami OH,Bowling Green,Miami OH,True,15,2024-11-29,1,0.56,True
16598,Minnesota,Wisconsin,Minnesota,True,15,2024-11-29,0,0.49,False
16599,Mississippi St,Mississippi,Mississippi,False,15,2024-11-29,1,0.64,False
16600,E Carolina,Navy,Navy,False,15,2024-11-29,0,0.42,True
16601,Ohio,Ball St,Ohio,True,15,2024-11-29,0,0.47,False
16602,Liberty,Sam Houston,Sam Houston,False,15,2024-11-29,0,0.43,True
16603,Stanford,San Jose St,San Jose St,False,15,2024-11-29,1,0.62,False
16604,Texas St,S Alabama,Texas St,True,15,2024-11-29,0,0.41,False
16605,UCF,Utah,Utah,False,15,2024-11-29,1,0.51,False
16606,San Diego St,Air Force,Air Force,False,15,2024-11-30,0,0.49,True
16607,Auburn,Alabama,Alabama,False,15,2024-11-30,0,0.41,True
16608,Arizona St,Arizona,Arizona St,True,15,2024-11-30,1,0.51,True
16609,UTSA,Army,Army,False,15,2024-11-30,0,0.41,True
16610,Baylor,Kansas,Baylor,True,15,2024-11-30,0,0.49,False
16611,Boston College,Pittsburgh,Boston College,True,15,2024-11-30,1,0.51,True
16612,BYU,Houston,BYU,True,15,2024-11-30,1,0.56,True
16613,UAB,Charlotte,Charlotte,False,15,2024-11-30,1,0.58,False
16614,Georgia St,Coastal Car,Coastal Car,False,15,2024-11-30,1,0.66,False
16615,UConn,UMass,UConn,True,15,2024-11-30,1,0.59,True
16616,Wake Forest,Duke,Duke,False,15,2024-11-30,1,0.52,False
16617,Florida,Florida St,Florida,True,15,2024-11-30,1,0.51,True
16618,Florida Atlantic,Tulsa,Florida Atlantic,True,15,2024-11-30,0,0.47,False
16619,Middle Tenn,Florida Intl,Florida Intl,False,15,2024-11-30,1,0.62,False
16620,App State,Georgia So,Georgia So,False,15,2024-11-30,1,0.62,False
16621,Hawai'i,New Mexico,Hawai'i,True,15,2024-11-30,1,0.57,True
16622,Northwestern,Illinois,Illinois,False,15,2024-11-30,1,0.53,False
16623,Purdue,Indiana,Indiana,False,15,2024-11-30,0,0.45,True
16624,Iowa St,Kansas St,Iowa St,True,15,2024-11-30,0,0.5,False
16625,UL Monroe,Louisiana,Louisiana,False,15,2024-11-30,1,0.58,False
16626,Oklahoma,LSU,LSU,False,15,2024-11-30,1,0.64,False
16627,Louisiana Tech,Kennesaw St,Louisiana Tech,True,15,2024-11-30,1,0.53,True
16628,Kentucky,Louisville,Louisville,False,15,2024-11-30,1,0.53,False
16629,Marshall,J Madison,Marshall,True,15,2024-11-30,0,0.5,False
16630,Michigan,Ohio St,Michigan,True,15,2024-11-30,0,0.47,False
16631,Missouri,Arkansas,Missouri,True,15,2024-11-30,1,0.58,True
16632,UNLV,Nevada,UNLV,True,15,2024-11-30,0,0.42,False
16633,North Carolina,NC State,NC State,False,15,2024-11-30,1,0.53,False
16634,Temple,N Texas,N Texas,False,15,2024-11-30,1,0.51,False
16635,N Illinois,C Michigan,N Illinois,True,15,2024-11-30,0,0.43,False
16636,Notre Dame,USC,Notre Dame,True,15,2024-11-30,0,0.49,False
16637,Old Dominion,Arkansas St,Old Dominion,True,15,2024-11-30,1,0.56,True
16638,Oregon,Washington,Oregon,True,15,2024-11-30,1,0.54,True
16639,Penn St,Maryland,Penn St,True,15,2024-11-30,0,0.47,False
16640,S Florida,Rice,Rice,False,15,2024-11-30,1,0.56,False
16641,Michigan St,Rutgers,Rutgers,False,15,2024-11-30,0,0.46,True
16642,South Carolina,Clemson,South Carolina,True,15,2024-11-30,0,0.5,False
16643,California,SMU,SMU,False,15,2024-11-30,0,0.35,True
16644,Syracuse,Miami,Syracuse,True,15,2024-11-30,1,0.56,True
16645,Vanderbilt,Tennessee,Tennessee,False,15,2024-11-30,1,0.57,False
16646,Texas,Texas A&M,Texas,True,15,2024-11-30,1,0.52,True
16647,TCU,Cincinnati,TCU,True,15,2024-11-30,0,0.42,False
16648,West Virginia,Texas Tech,Texas Tech,False,15,2024-11-30,1,0.6,False
16649,UTEP,New Mexico St,UTEP,True,15,2024-11-30,1,0.51,True
16650,Southern Miss,Troy,Troy,False,15,2024-11-30,0,0.4,True
16651,Fresno St,UCLA,UCLA,False,15,2024-11-30,1,0.52,False
16652,Virginia Tech,Virginia,Virginia Tech,True,15,2024-11-30,0,0.48,False
16653,W Kentucky,Jacksonville St,W Kentucky,True,15,2024-11-30,0,0.43,False
16654,W Michigan,E Michigan,W Michigan,True,15,2024-11-30,1,0.54,True
16655,Wyoming,Washington St,Wyoming,True,15,2024-11-30,0,0.44,False
16656,Army,Tulane,Army,True,16,2024-12-06,0,0.45,False
16657,UNLV,Boise St,Boise St,False,16,2024-12-06,1,0.65,False
16658,W Kentucky,Jacksonville St,Jacksonville St,False,16,2024-12-06,1,0.53,False
16659,Iowa St,Arizona St,Arizona St,False,16,2024-12-07,0,0.39,True
16660,Clemson,SMU,Clemson,True,16,2024-12-07,0,0.44,False
16661,Texas,Georgia,Georgia,False,16,2024-12-07,1,0.66,False
16662,Louisiana,Marshall,Marshall,False,16,2024-12-07,1,0.55,False
16663,Miami OH,Ohio,Ohio,False,16,2024-12-07,1,0.54,False
16664,Oregon,Penn St,Oregon,True,16,2024-12-07,1,0.52,True
16665,Army,Navy,Navy,False,17,2024-12-14,0,0.49,True
16666,S Alabama,W Michigan,S Alabama,True,17,2024-12-14,0,0.49,False
16667,West Virginia,Memphis,Memphis,False,18,2024-12-17,1,0.53,False
16668,W Kentucky,J Madison,J Madison,False,18,2024-12-18,0,0.5,True
16669,California,UNLV,UNLV,False,18,2024-12-18,0,0.48,True
16670,Georgia So,Sam Houston,Sam Houston,False,18,2024-12-19,0,0.4,True
16671,Florida,Tulane,Florida,True,18,2024-12-20,1,0.51,True
16672,Indiana,Notre Dame,Notre Dame,False,18,2024-12-20,0,0.42,True
16673,Ohio,Jacksonville St,Ohio,True,18,2024-12-20,1,0.53,True
16674,Tennessee,Ohio St,Ohio St,False,18,2024-12-21,1,0.54,False
16675,SMU,Penn St,Penn St,False,18,2024-12-21,1,0.51,False
16676,Clemson,Texas,Texas,False,18,2024-12-21,1,0.55,False
16677,Fresno St,N Illinois,N Illinois,False,18,2024-12-23,0,0.43,True
16678,Coastal Car,UTSA,UTSA,False,18,2024-12-23,0,0.44,True
16679,S Florida,San Jose St,S Florida,True,19,2024-12-24,1,0.64,True
16680,Bowling Green,Arkansas St,Arkansas St,False,19,2024-12-26,1,0.52,False
16681,Kansas St,Rutgers,Kansas St,True,19,2024-12-26,0,0.44,False
16682,Toledo,Pittsburgh,Toledo,True,19,2024-12-26,1,0.53,True
16683,Texas Tech,Arkansas,Arkansas,False,19,2024-12-27,1,0.54,False
16684,Oklahoma,Navy,Navy,False,19,2024-12-27,1,0.61,False
16685,Texas A&M,USC,USC,False,19,2024-12-27,1,0.58,False
16686,Syracuse,Washington St,Syracuse,True,19,2024-12-27,0,0.41,False
16687,Georgia Tech,Vanderbilt,Vanderbilt,False,19,2024-12-27,1,0.56,False
16688,Louisiana Tech,Army,Army,False,19,2024-12-28,0,0.36,True
16689,Colorado,BYU,BYU,False,19,2024-12-28,1,0.54,False
16690,North Carolina,UConn,UConn,False,19,2024-12-28,1,0.52,False
16691,NC State,E Carolina,E Carolina,False,19,2024-12-28,0,0.44,True
16692,Miami,Iowa St,Iowa St,False,19,2024-12-28,0,0.47,True
16693,Miami OH,Colorado St,Miami OH,True,19,2024-12-28,0,0.44,False
16694,Boston College,Nebraska,Nebraska,False,19,2024-12-28,1,0.57,False
16695,Louisiana,TCU,TCU,False,19,2024-12-28,1,0.53,False
16696,Iowa,Missouri,Missouri,False,20,2024-12-30,0,0.46,True
16697,South Carolina,Illinois,Illinois,False,21,2024-12-31,1,0.53,False
16698,Baylor,LSU,LSU,False,21,2024-12-31,1,0.65,False
16699,Washington,Louisville,Louisville,False,21,2024-12-31,1,0.6,False
16700,Michigan,Alabama,Michigan,True,21,2024-12-31,1,0.53,True
16701,Boise St,Penn St,Penn St,False,21,2024-12-31,0,0.48,True
16702,Ohio St,Oregon,Ohio St,True,21,2025-01-01,1,0.51,True
16703,Texas,Arizona St,Texas,True,21,2025-01-01,0,0.43,False
16704,Duke,Mississippi,Mississippi,False,21,2025-01-02,1,0.66,False
16705,Georgia,Notre Dame,Notre Dame,False,21,2025-01-02,1,0.54,False
16706,Minnesota,Virginia Tech,Minnesota,True,21,2025-01-03,0,0.46,False
16707,Texas St,N Texas,Texas St,True,21,2025-01-03,1,0.51,True
16708,Liberty,Buffalo,Buffalo,False,21,2025-01-04,0,0.47,True
16709,Penn St,Notre Dame,Notre Dame,False,22,2025-01-09,1,0.59,False
16710,Ohio St,Texas,Ohio St,True,22,2025-01-10,1,0.59,True
16711,Ohio St,Notre Dame,Ohio St,True,23,2025-01-20,0,0.44,False
